stock,QUAL,MTUM,VLUE,IWM,IVW,IYW,IYC,IVV
T,0,0,7.19575,0,0,0,0,0.4619
INTC,1.1821,0,5.64419,0,0,1.93978,0,0.49526
MU,0,0,4.03235,0,0,1.08384,0,0.27464
CSCO,1.66228,0,3.68796,0,0.59213,0,0,0.65348
F,0,1.00559,3.04572,0,0,0,1.33617,0.19237
GM,0,0,2.95666,0,0,0,1.26473,0.19107
IBM,0,0,2.65262,0,0,1.18404,0,0.30153
PFE,0,0,2.35202,0,0.79891,0,0,0.73764
ABBV,0,0,2.29454,0,0.7469,0,0,0.68956
C,0,0,2.07417,0,0,0,0,0.34418
WFC,0,2.78978,1.87462,0,0,0,0,0.60093
CVS,0,0,1.84956,0,0,0,0,0.36451
RTX,0,0,1.84921,0,0,0,0,0.37871
BMY,0,0,1.78733,0,0,0,0,0.4058
AMAT,0.89814,1.22641,1.7627,0,0.65403,1.27976,0,0.32559
MO,0,0,1.4682,0,0,0,0,0.25706
FIS,0,0,1.25762,0,0,0,0,0.15748
HPQ,0,0,1.22156,0,0.11378,0.44444,0,0.11284
GS,0,1.52724,1.1884,0,0.64056,0,0,0.31862
EOG,0,0.85758,1.0998,0,0.16383,0,0,0.17711
CI,0,0,1.09619,0,0,0,0,0.20457
LEN,0,0,1.08088,0,0,0,0.45235,0.06515
WBA,0,0,1.0147,0,0,0,0,0.09136
ANTM,0,0,0.95145,0,0,0,0,0.29329
DHI,0.64653,0,0.94413,0,0.07775,0,0.51833,0.07401
HPE,0,0,0.9066,0,0,0.23926,0,0.06131
CBRE,0.30811,0.39039,0.90382,0,0.09097,0,0,0.09022
FISV,0,0,0.87893,0,0,0,0,0.15168
FDX,0,0,0.86891,0,0,0,0,0.14707
KHC,0,0,0.86851,0,0,0,0,0.07378
COF,0,0,0.80881,0,0.17157,0,0,0.17725
GILD,0,0,0.7966,0,0,0,0,0.20751
CTSH,0,0,0.7515,0,0,0.48445,0,0.12309
KR,0,0,0.7487,0,0,0,0,0.08292
TSN,0,0,0.72033,0,0,0,0,0.07456
GLW,0,0,0.69664,0,0,0.33764,0,0.08761
NXPI,0,0,0.67617,0,0.17056,0.52818,0,0.13453
GPN,0,0,0.67538,0,0,0,0,0.10719
AIG,0,0,0.67506,0,0,0,0,0.13861
TEL,0,0,0.66159,0,0,0,0,0.12653
PARA,0,0,0.63878,0,0,0,0.31261,0.04656
KMI,0.67321,0,0.61492,0,0,0,0,0.088
WDC,0,0,0.61218,0,0,0.18446,0,0.04678
MET,0,0,0.61048,0,0,0,0,0.13446
CNC,0,0,0.60062,0,0,0,0,0.12948
PSA,0.58764,0,0.59969,0,0.16755,0,0,0.14203
NOC,0,0,0.59501,0,0,0,0,0.15754
LHX,0,0,0.57281,0,0.09786,0,0,0.11549
PHM,0.26997,0,0.56343,0,0,0,0.22946,0.03278
EXC,0,0,0.55316,0,0,0,0,0.11029
PRU,0,0,0.5482,0,0,0,0,0.1166
GD,0,0,0.52385,0,0,0,0,0.13565
BBY,0.61895,0,0.51934,0,0,0,0.45405,0.05792
SPG,0,0,0.51482,0,0.15165,0,0,0.12524
JCI,0,0.5213,0.5137,0,0.15412,0,0,0.126
DVN,0,0.72756,0.50449,0,0.18809,0,0,0.09326
STX,0,0,0.48902,0,0.08883,0,0,0.06019
PCAR,0,0,0.48462,0,0,0,0,0.08864
NUE,0.38195,0.57265,0.4624,0,0.10351,0,0,0.09501
LUMN,0,0,0.45749,0,0,0,0,0.02478
DISCK,0,0,0.43871,0,0,0,0.1779,0.02436
PXD,0,0.6376,0.43523,0,0.16183,0,0,0.14351
ON,0,0,0.42162,0,0,0.27111,0,0
WHR,0,0,0.41276,0,0,0,0.22971,0.03319
CMI,0,0,0.40037,0,0,0,0,0.08377
TAP,0,0,0.38573,0,0,0,0,0.02413
BWA,0,0,0.38415,0,0,0,0.19781,0.02868
BK,0,0,0.38003,0,0,0,0,0.11586
MCK,0,0,0.3734,0,0,0,0,0.11181
LBTYK,0,0,0.37091,0,0,0,0,0
LEA,0,0,0.36553,0,0,0,0.19575,0
SWKS,0.16348,0,0.35488,0,0.05785,0.23954,0,0.06178
CTVA,0,0,0.35075,0,0,0,0,0.09929
LYB,0,0,0.34995,0,0,0,0,0.07024
VTRS,0,0,0.34896,0,0,0,0,0.04903
SJM,0,0,0.34504,0,0,0,0,0.04145
FOXA,0.12482,0,0.34356,0,0,0,0.25619,0.03672
ARW,0,0,0.34347,0,0,0.09125,0,0
MHK,0,0,0.34146,0,0,0,0,0.02157
LKQ,0,0,0.32973,0,0.03095,0,0.25267,0.03509
CAG,0,0,0.32537,0,0,0,0,0.04746
URI,0,0.22795,0.31306,0,0.07399,0,0,0.06096
DD,0,0,0.31201,0,0,0,0,0.11035
QRVO,0,0,0.30905,0,0.0393,0.15662,0,0.03888
VMW,0,0,0.30593,0,0,0.29093,0,0
DELL,0,0.15334,0.30321,0,0,0.17037,0,0
WY,0,0,0.30054,0,0.06722,0,0,0.08016
NWL,0,0,0.29945,0,0.02831,0,0.18638,0.02736
JNPR,0,0,0.29614,0,0,0,0,0.0306
FANG,0,0.36064,0.29215,0,0.12216,0,0,0.06054
NTAP,0,0.24322,0.28908,0,0.07873,0.21485,0,0.0556
BIIB,0,0,0.28717,0,0,0,0,0.08335
WAB,0,0,0.28477,0,0,0,0,0.04844
CFG,0,0,0.2752,0,0,0,0,0.06152
SSNC,0,0,0.27483,0,0,0.17575,0,0
DOW,0,0,0.25858,0,0,0,0,0.12064
PPL,0,0,0.25219,0,0,0,0,0.05299
FITB,0,0,0.24749,0,0,0,0,0.08905
PCG,0,0,0.24627,0,0,0,0,0
ALLY,0,0,0.23905,0,0,0,0,0
MOS,0,0.16689,0.23051,0,0,0,0,0.04499
LNC,0,0,0.21687,0,0,0,0,0.032
DISH,0,0,0.2118,0,0,0,0,0.01955
OC,0,0,0.20922,0,0,0,0,0
DISCA,0,0,0.20745,0,0,0,0.09269,0.01457
EQH,0,0,0.20315,0,0,0,0,0
RF,0,0,0.2018,0,0.05545,0,0,0.06188
FFIV,0,0,0.20171,0,0.03521,0.12891,0,0.0334
CEG,0,0,0.20115,0,0,0,0,0.03948
EIX,0,0,0.19823,0,0,0,0,0.06238
VST,0,0,0.19684,0,0,0,0,0
TXT,0,0.15911,0.19378,0,0,0,0,0.04106
ED,0,0,0.19369,0,0,0,0,0.08096
SWK,0,0,0.19165,0,0,0,0,0.07146
KNX,0,0,0.19074,0,0,0,0,0
PFG,0,0,0.18232,0,0,0,0,0.04768
STLD,0.13364,0.15312,0.1817,0,0,0,0,0
HIG,0,0.21997,0.17949,0,0,0,0,0.06492
IP,0,0,0.17362,0,0,0,0,0.04979
IRM,0,0,0.16998,0,0.04146,0,0,0.0336
CAH,0,0,0.16581,0,0,0,0,0.04073
NRG,0,0,0.15587,0,0.05132,0,0,0.02627
SNA,0,0,0.15393,0,0,0,0,0.03051
FOX,0.0525,0,0.15361,0,0,0,0.1091,0.01533
L,0,0,0.1502,0,0,0,0,0.03276
WRK,0,0,0.14777,0,0,0,0,0.03469
WU,0,0,0.14746,0,0,0,0,0
LDOS,0,0,0.14599,0,0,0.1402,0,0.03454
EMN,0,0,0.14437,0,0,0,0,0.04377
CTRA,0.3095,0,0.13997,0,0,0,0,0.04977
UHS,0,0,0.13759,0,0,0,0,0.02659
EVRG,0,0,0.13744,0,0,0,0,0.03844
RE,0,0,0.13644,0,0,0,0,0.03346
NLY,0,0,0.13518,0,0,0,0,0
LBTYA,0,0,0.13122,0,0,0,0,0
VTR,0,0,0.12635,0,0,0,0,0.05758
DGX,0.17136,0,0.11629,0,0.04045,0,0,0.04432
JAZZ,0,0,0.11251,0,0,0,0,0
AGNC,0,0,0.11213,0,0,0,0,0
IVZ,0,0,0.10311,0,0,0,0,0.02074
ST,0,0,0.10273,0,0,0,0,0
HII,0.0918,0,0.09556,0,0,0,0,0.02077
UGI,0,0,0.09373,0,0,0,0,0
UHAL,0,0.08423,0.08253,0,0,0,0.10078,0
BEN,0,0,0.08175,0,0.02097,0,0,0.02322
ATO,1.46457,0,0.07608,0,0,0,0,0.03787
DVA,0,0,0.06558,0,0,0,0,0.02028
Y,0,0,0.05995,0,0,0,0,0
CLVT,0,0,0.05548,0,0,0.07426,0,0
NVAX,0,0,0.04112,0,0,0,0,0
AAPL,3.84704,0,0,0,14.16682,19.55522,0,7.06128
MSFT,3.06281,5.0087,0,0,11.74533,16.48086,0,5.85412
AMZN,0,0,0,0,7.23186,0,13.53417,3.60453
GOOGL,2.30485,2.68627,0,0,4.26152,6.08384,0,2.12469
GOOG,2.20689,2.46713,0,0,3.96336,5.67587,0,1.97574
TSLA,0,4.64028,0,0,3.78688,0,7.8523,1.88778
NVDA,2.70955,4.43102,0,0,3.21041,3.873,0,1.60058
BRKB,0,0,0,0,0,0,0,1.56121
FB,3.16379,0,0,0,2.64973,3.30669,0,1.32106
JPM,0,4.3454,0,0,1.12337,0,0,1.21755
UNH,0,0,0,0,1.00541,0,0,1.19317
JNJ,4.30221,0,0,0,0,0,0,1.16461
PG,0,0,0,0,0,0,0,1.04786
V,2.40305,0,0,0,0.87235,0,0,1.01131
HD,0,0,0,0,1.51131,0,4.28628,0.99133
BAC,0,4.02891,0,0,0.79103,0,0,0.89636
XOM,0,0,0,0,0,0,0,0.8869
MA,2.93092,0,0,0,0.81932,0,0,0.86908
DIS,0,0,0,0,0,0,4.41293,0.74482
CVX,0,0,0,0,0,0,0,0.69649
KO,0,0,0,0,0,0,0,0.65843
AVGO,0,0,0,0,0.73918,2.46667,0,0.64649
PEP,0,0,0,0,0.52796,0,0,0.62798
COST,3.0366,3.25067,0,0,0.62759,0,4.16146,0.61351
VZ,0,0,0,0,0,0,0,0.60363
CMCSA,0,0,0,0,0,0,0,0.57587
TMO,0,2.58631,0,0,1.14981,0,0,0.57324
ADBE,1.61988,2.48088,0,0,1.14389,2.18229,0,0.57024
ABT,0,0,0,0,0.59455,0,0,0.55902
ACN,1.5183,2.76403,0,0,0.63915,0,0,0.54938
WMT,0,0,0,0,0,0,3.74796,0.53141
MRK,0,0,0,0,0,0,0,0.52219
CRM,0,0,0,0,0.63855,1.96135,0,0.52189
LLY,2.48818,3.32341,0,0,1.03638,0,0,0.51689
QCOM,1.48312,0,0,0,1.01986,2.01486,0,0.50867
MCD,0,0,0,0,0.45783,0,3.54324,0.50731
AMD,0,0,0,0,1.0105,1.98187,0,0.50396
NKE,4.09991,0,0,0,0.53582,0,3.35337,0.4949
PM,0,0,0,0,0,0,0,0.46981
NFLX,0,0,0,0,0.94149,0,2.7667,0.46862
DHR,0,0,0,0,0.62704,0,0,0.45998
UNP,0,0,0,0,0.36007,0,0,0.43774
LIN,0,0,0,0,0.42915,0,0,0.42073
LOW,0,0,0,0,0.83759,0,2.92133,0.41796
TXN,1.33194,0,0,0,0.40905,1.64093,0,0.41732
UPS,0,0,0,0,0.35693,0,0,0.4137
NEE,0,0,0,0,0,0,0,0.39338
MS,0,1.77876,0,0,0.36608,0,0,0.37136
INTU,0.85103,2.46624,0,0,0.74035,1.36083,0,0.36842
MDT,0,0,0,0,0,0,0,0.36598
SCHW,0,1.39265,0,0,0.47731,0,0,0.34799
HON,0,0,0,0,0,0,0,0.33988
AMGN,1.34391,0,0,0,0.27752,0,0,0.33726
AXP,0,0,0,0,0.29343,0,0,0.33067
PYPL,0,0,0,0,0.35725,0,0,0.32989
ORCL,0,2.0209,0,0,0.65328,1.31121,0,0.32526
COP,0,2.02058,0,0,0,0,0,0.31967
BA,0,0,0,0,0,0,0,0.31328
NOW,0,0,0,0,0.60104,1.16758,0,0.30016
SBUX,0,0,0,0,0.30444,0,2.08265,0.2989
BLK,2.2233,1.10156,0,0,0.30458,0,0,0.29188
BKNG,0,0,0,0,0,0,2.02808,0.29118
PLD,0.79433,0,0,0,0.35091,0,0,0.285
DE,0,0,0,0,0.26099,0,0,0.28157
AMT,0,0,0,0,0.28766,0,0,0.28127
CAT,0,0,0,0,0,0,0,0.28077
GE,0,0,0,0,0,0,0,0.2762
ISRG,0,0,0,0,0.37589,0,0,0.27099
TGT,2.38851,1.17163,0,0,0.29828,0,1.88713,0.27072
LMT,1.99759,0,0,0,0,0,0,0.25688
MDLZ,0,0,0,0,0,0,0,0.24977
SPGI,0,0,0,0,0.30196,0,0,0.24675
ZTS,0,0,0,0,0.32383,0,0,0.24469
CB,0,0,0,0,0,0,0,0.23846
ADI,0,0,0,0,0,0.91683,0,0.23342
PNC,0,0.89188,0,0,0,0,0,0.23058
MMM,1.08122,0,0,0,0,0,0,0.23036
CME,0,0,0,0,0,0,0,0.22994
ADP,0.67332,0,0,0,0.24363,0,0,0.22874
SYK,0,0,0,0,0.18513,0,0,0.2257
TFC,0,0,0,0,0,0,0,0.22526
LRCX,0.71312,0,0,0,0.43621,0.85403,0,0.21702
TJX,0,0,0,0,0,0,1.51004,0.21542
USB,0,0,0,0,0,0,0,0.20877
DUK,0,0,0,0,0,0,0,0.2083
MMC,0,0.98323,0,0,0.25465,0,0,0.20808
CSX,0,0,0,0,0,0,0,0.20788
BDX,0,0,0,0,0,0,0,0.20554
CHTR,0,0,0,0,0,0,0,0.1997
TMUS,0,0,0,0,0,0,0,0.19738
EL,1.13409,0,0,0,0.22536,0,1.31304,0.19027
CCI,0,0,0,0,0.1711,0,0,0.19008
ICE,0,0,0,0,0.21386,0,0,0.18749
SO,0,0,0,0,0,0,0,0.18325
CL,0,0,0,0,0,0,0,0.18128
EW,0.71066,0.77284,0,0,0.22619,0,0,0.17848
NSC,0,0,0,0,0,0,0,0.1778
REGN,0.79327,0,0,0,0.35392,0,0,0.17548
SHW,0.99735,0,0,0,0.18605,0,0,0.17514
D,0,0,0,0,0,0,0,0.1738
FCX,0,0,0,0,0.15033,0,0,0.17169
ATVI,0.61614,0,0,0,0,0,1.18451,0.17096
AON,0,0.81351,0,0,0.20355,0,0,0.16911
PGR,1.47293,0,0,0,0,0,0,0.16911
EQIX,0,0,0,0,0.15546,0,0,0.16877
ITW,1.11107,0,0,0,0.13699,0,0,0.167
ETN,0,0,0,0,0,0,0,0.16532
BSX,0,0,0,0,0,0,0,0.16465
HCA,0,0,0,0,0.18499,0,0,0.15777
VRTX,0,0,0,0,0.18997,0,0,0.15751
SLB,1.57779,0,0,0,0,0,0,0.15308
EMR,0,0,0,0,0,0,0,0.15027
WM,0,0.70499,0,0,0.15142,0,0,0.14788
HUM,0,0,0,0,0,0,0,0.14742
KLAC,0.45565,0.54664,0,0,0.29546,0.57888,0,0.14676
NEM,0,0,0,0,0,0,0,0.14595
APD,0,0,0,0,0,0,0,0.14477
MCO,0,0,0,0,0.18745,0,0,0.14203
MRNA,0.77197,1.36323,0,0,0.27927,0,0,0.139
ILMN,0,0,0,0,0.12937,0,0,0.13149
MAR,0,0,0,0,0,0,0.89971,0.12969
ADSK,0.28783,0,0,0,0.16546,0.50853,0,0.12949
MPC,0.86952,0,0,0,0,0,0,0.12824
ROP,0,0,0,0,0,0.49156,0,0.12602
DG,0,0,0,0,0,0,0.88269,0.12602
APH,0,0,0,0,0.13073,0.47443,0,0.12407
ORLY,0,0,0,0,0.24849,0,0.85291,0.12337
KMB,0,0,0,0,0,0,0,0.12117
ECL,0,0,0,0,0,0,0,0.12042
SNPS,0,0.55307,0,0,0.15929,0.46423,0,0.11906
IQV,0,0,0,0,0.17261,0,0,0.11857
MSCI,0,0.6965,0,0,0.23603,0,0,0.11779
SRE,0,0,0,0,0,0,0,0.11753
AEP,0,0,0,0,0,0,0,0.11677
ADM,0,0,0,0,0,0,0,0.11649
CMG,0,0,0,0,0.15639,0,0.80514,0.11618
SYY,0,0,0,0,0,0,0,0.11603
INFO,0,0.49247,0,0,0.11123,0,0,0.11562
HLT,0,0,0,0,0.09379,0,0.77972,0.11439
TRV,0,0,0,0,0,0,0,0.11334
IDXX,0.70354,0.4043,0,0,0.15542,0,0,0.11276
FTNT,0.28998,1.00351,0,0,0.22436,0.43453,0,0.11244
GIS,0,0,0,0,0,0,0,0.11196
BAX,0,0,0,0,0,0,0,0.11149
AZO,0,0,0,0,0.21839,0,0.75595,0.10879
A,0,0.45196,0,0,0.1302,0,0,0.10856
MCHP,0,0,0,0,0.1033,0.4163,0,0.10739
PH,0,0,0,0,0,0,0,0.10554
AFL,0.83762,0,0,0,0,0,0,0.10397
DLR,0,0,0,0,0,0,0,0.10373
CARR,0,0.33609,0,0,0,0,0,0.10367
APTV,0,0,0,0,0.08446,0,0.72085,0.10352
O,0.24788,0,0,0,0,0,0,0.1019
CDNS,0.26071,0.46087,0,0,0.20361,0.3945,0,0.10159
PAYX,0.30084,0.42917,0,0,0.10643,0,0,0.10091
PSX,0,0,0,0,0,0,0,0.10081
DXCM,0,0.49464,0,0,0.20111,0,0,0.10029
ALGN,0.47035,0,0,0,0.19836,0,0,0.09929
YUM,0,0,0,0,0.09354,0,0.69846,0.09925
EA,0.32638,0,0,0,0,0,0.6938,0.09903
MSI,0,0.46501,0,0,0.1175,0,0,0.09873
DFS,0,0,0,0,0.19795,0,0,0.09814
TT,0,0,0,0,0,0,0,0.09801
WMB,0,0,0,0,0,0,0,0.09774
ALL,0.7727,0,0,0,0,0,0,0.09761
SIVB,0.70834,0.46755,0,0,0.19524,0,0,0.09755
WELL,0,0,0,0,0,0,0,0.09749
PPG,0.36211,0,0,0,0,0,0,0.09675
XEL,0,0,0,0,0,0,0,0.09639
STZ,0,0,0,0,0,0,0,0.09589
VLO,0,0,0,0,0,0,0,0.09556
OXY,0,0.51745,0,0,0.0785,0,0,0.09492
EBAY,0,0.43929,0,0,0.14483,0,0.65704,0.0939
STT,0,0,0,0,0,0,0,0.09325
IFF,0,0,0,0,0,0,0,0.09274
TDG,0,0,0,0,0.08178,0,0,0.09202
RMD,0,0,0,0,0.10586,0,0,0.09131
AMP,0,0.33692,0,0,0.112,0,0,0.09095
ROST,0,0,0,0,0,0,0.61925,0.09016
AVB,0.24265,0,0,0,0.07534,0,0,0.08939
PEG,0,0,0,0,0,0,0,0.08886
CTAS,0.46503,0,0,0,0.08127,0,0,0.08831
MTD,0,0,0,0,0.11114,0,0,0.08781
OTIS,0,0,0,0,0.07077,0,0,0.0873
TROW,0.90605,0.40651,0,0,0.12233,0,0,0.08691
DLTR,0,0,0,0,0,0,0.60161,0.0869
AJG,0,0.36131,0,0,0.07624,0,0,0.08661
SBAC,0,0,0,0,0.09594,0,0,0.08548
ROK,0.46293,0,0,0,0.08633,0,0,0.08334
EXPE,0,0,0,0,0,0,0.57341,0.0827
MTCH,0,0,0,0,0,0.32349,0,0.08232
VRSK,0,0,0,0,0.08392,0,0,0.08184
MNST,0.5104,0,0,0,0.08559,0,0,0.08172
FRC,0,0,0,0,0.16382,0,0,0.08171
AME,0,0,0,0,0,0,0,0.0809
KEYS,0,0.37222,0,0,0.12008,0,0,0.08057
FAST,0.45197,0,0,0,0.07621,0,0,0.07997
HSY,0.61768,0,0,0,0.07243,0,0,0.07977
BLL,0,0,0,0,0,0,0,0.07951
HAL,0,0,0,0,0,0,0,0.07853
EQR,0.19077,0,0,0,0,0,0,0.07786
ES,0,0,0,0,0,0,0,0.07738
WEC,0,0,0,0,0,0,0,0.07709
ANET,0,0.35005,0,0,0.15302,0,0,0.07679
WTW,0,0,0,0,0,0,0,0.07601
OKE,0,0,0,0,0.06467,0,0,0.07544
TWTR,0,0,0,0,0.07096,0.28538,0,0.07488
WST,0.29129,0.35628,0,0,0.14847,0,0,0.07469
DAL,0,0,0,0,0,0,0.51788,0.07457
LUV,0,0,0,0,0,0,0.51377,0.07368
AWK,0,0,0,0,0,0,0,0.07322
ODFL,0.40078,0.42991,0,0,0.14544,0,0,0.07214
CERN,0,0,0,0,0,0,0,0.07197
ANSS,0,0,0,0,0.08765,0.27786,0,0.07096
EFX,0,0.3338,0,0,0.14103,0,0,0.07083
ARE,0,0,0,0,0,0,0,0.07075
CPRT,0.38199,0,0,0,0.09589,0,0.48409,0.07056
HES,0,0,0,0,0.10023,0,0,0.06997
ZBH,0,0,0,0,0,0,0,0.06904
BKR,0,0,0,0,0,0,0,0.06877
EPAM,0,0.48549,0,0,0.1363,0.25353,0,0.06836
EXR,0,0.34945,0,0,0.13594,0,0,0.0682
LH,0,0,0,0,0.07315,0,0,0.06806
NTRS,0,0,0,0,0,0,0,0.06735
CDW,0.192,0,0,0,0.07949,0.26202,0,0.06668
VMC,0,0,0,0,0.06445,0,0,0.06663
TSCO,0.54096,0.24092,0,0,0.13195,0,0.46001,0.06652
RSG,0,0.37054,0,0,0.05904,0,0,0.06604
MKC,0,0,0,0,0,0,0,0.06594
CHD,0.27422,0,0,0,0,0,0,0.06474
KEY,0,0,0,0,0,0,0,0.06456
SYF,0,0,0,0,0.07388,0,0,0.06428
IT,0.15416,0.52917,0,0,0.12829,0.24531,0,0.06408
MLM,0.22529,0,0,0,0.07575,0,0,0.06389
MTB,0,0,0,0,0,0,0,0.06335
MAA,0.15576,0.28866,0,0,0.0796,0,0,0.06302
DTE,0,0,0,0,0,0,0,0.06241
HBAN,0,0,0,0,0,0,0,0.062
FTV,0,0,0,0,0,0,0,0.06193
DOV,0,0,0,0,0.05745,0,0,0.06193
STE,0,0,0,0,0.052,0,0,0.06109
PKI,0,0.23402,0,0,0.12235,0,0,0.06108
ALB,0,0.37323,0,0,0.08189,0,0,0.06095
FE,0,0,0,0,0,0,0,0.06069
ZBRA,0,0.21185,0,0,0.08882,0,0,0.06007
AEE,0,0,0,0,0,0,0,0.05921
IR,0,0,0,0,0,0,0,0.0592
ETR,0,0,0,0,0,0,0,0.05754
ABC,0.50613,0,0,0,0,0,0,0.05725
ESS,0.14054,0,0,0,0.04942,0,0,0.0558
GWW,0.29832,0,0,0,0,0,0,0.05537
DRE,0.15276,0,0,0,0.07148,0,0,0.05517
RJF,0,0.2267,0,0,0.06471,0,0,0.055
ULTA,0.44512,0,0,0,0.06239,0,0.37816,0.05472
NDAQ,0,0.30587,0,0,0.08457,0,0,0.05447
SBNY,0,0.40319,0,0,0.11139,0,0,0.05431
VRSN,0,0,0,0,0.05173,0.21547,0,0.05395
MPWR,0.12677,0.24497,0,0,0.10717,0.21905,0,0.05382
TDY,0,0,0,0,0,0,0,0.05381
WAT,0,0.22574,0,0,0.07811,0,0,0.05305
VFC,0,0,0,0,0,0,0.36256,0.05246
COO,0.23056,0,0,0,0,0,0,0.05237
ENPH,0,0,0,0,0.10248,0,0,0.05135
FLT,0,0,0,0,0,0,0,0.05111
CINF,0,0,0,0,0.04833,0,0,0.05106
DRI,0,0,0,0,0,0,0.35537,0.05102
RCL,0,0,0,0,0,0,0.34667,0.0508
TER,0.14169,0,0,0,0.10134,0.19915,0,0.05036
GNRC,0.25046,0.32479,0,0,0.10055,0,0,0.0502
POOL,0.51911,0.17611,0,0,0.0988,0,0.33559,0.04937
EXPD,0.29,0,0,0,0.09726,0,0,0.04926
CLX,0,0,0,0,0,0,0,0.04925
OMC,0.1525,0,0,0,0,0,0.3352,0.04924
AMCR,0,0,0,0,0,0,0,0.04915
TTWO,0.19268,0,0,0,0.0618,0,0.34237,0.04886
CCL,0,0,0,0,0,0,0.35665,0.04826
GPC,0,0,0,0,0,0,0.3344,0.04821
CMS,0,0,0,0,0,0,0,0.04813
BXP,0,0,0,0,0,0,0,0.0472
HOLX,0,0,0,0,0.07112,0,0,0.04714
GRMN,0.4054,0,0,0,0.04848,0,0.32731,0.04712
PEAK,0,0,0,0,0,0,0,0.04662
CTLT,0,0,0,0,0.0555,0,0,0.04654
TRMB,0,0,0,0,0.05243,0,0,0.04638
CZR,0,0,0,0,0.05915,0,0.30528,0.04584
K,0,0,0,0,0,0,0,0.04572
KMX,0,0,0,0,0.04958,0,0.32554,0.04571
TYL,0,0.19865,0,0,0.05698,0.17583,0,0.04556
MGM,0,0.14934,0,0,0,0,0.32141,0.04556
MRO,0,0,0,0,0,0,0,0.04555
CNP,0,0,0,0,0,0,0,0.04522
BR,0,0,0,0,0.03984,0,0,0.04518
NVR,0.41456,0,0,0,0.04331,0,0.3102,0.0443
XYL,0,0,0,0,0.03659,0,0,0.04425
NLOK,0,0,0,0,0,0.16381,0,0.04405
ETSY,0.44036,0,0,0,0.08744,0,0.30506,0.04395
LVS,0,0,0,0,0,0,0.29397,0.04381
AKAM,0,0,0,0,0.03738,0.17116,0,0.04338
CF,0,0.16011,0,0,0.05144,0,0,0.04326
LYV,0,0,0,0,0.03725,0,0.30652,0.0431
TECH,0,0.2219,0,0,0.0853,0,0,0.04298
JBHT,0,0,0,0,0.05077,0,0,0.04295
UDR,0,0,0,0,0.0473,0,0,0.04261
DPZ,0,0,0,0,0.05819,0,0.29804,0.04259
BRO,0,0,0,0,0.05839,0,0,0.04188
CE,0.19085,0,0,0,0.03686,0,0,0.04185
UAL,0,0,0,0,0,0,0.29074,0.04154
PAYC,0.09985,0,0,0,0.06275,0.17196,0,0.04145
J,0,0,0,0,0.03745,0,0,0.0414
FDS,0.36303,0.18029,0,0,0.04809,0,0,0.04066
TFX,0,0,0,0,0,0,0,0.04053
CRL,0,0.2051,0,0,0.08103,0,0,0.04047
FMC,0,0,0,0,0,0,0,0.03998
AVY,0.16889,0,0,0,0.0417,0,0,0.03991
IEX,0,0,0,0,0.03221,0,0,0.03957
PWR,0,0,0,0,0.04289,0,0,0.03935
AES,0,0,0,0,0,0,0,0.03908
IPG,0.14055,0.15191,0,0,0,0,0.26711,0.03898
MKTX,0.3399,0,0,0,0.0372,0,0,0.03897
PKG,0,0,0,0,0,0,0,0.03885
KIM,0,0,0,0,0,0,0,0.03875
LNT,1.3316,0,0,0,0,0,0,0.03856
MAS,0,0,0,0,0.03678,0,0,0.03762
AAP,0,0,0,0,0.03625,0,0.26125,0.03728
ABMD,0.13891,0,0,0,0.04094,0,0,0.03717
HRL,0,0,0,0,0,0,0,0.0368
BBWI,0,0.15986,0,0,0.04903,0,0.24071,0.03672
RHI,0.18175,0.20784,0,0,0.04979,0,0,0.03642
SEDG,0,0,0,0,0.05574,0,0,0.03632
HWM,0,0,0,0,0,0,0,0.03605
HST,0,0,0,0,0,0,0,0.03597
INCY,0,0,0,0,0.03022,0,0,0.03535
WRB,0,0,0,0,0,0,0,0.03494
CBOE,0,0.16009,0,0,0.0401,0,0,0.03485
HAS,0,0,0,0,0,0,0.23769,0.03478
JKHY,0.08727,0,0,0,0,0,0,0.03454
CTXS,0,0,0,0,0,0.13473,0,0.03437
CMA,0,0,0,0,0.0309,0,0,0.03394
NDSN,0,0,0,0,0.04042,0,0,0.03358
BIO,0,0,0,0,0.03801,0,0,0.0333
BFB,0.20484,0,0,0,0,0,0,0.03282
CHRW,0.16655,0,0,0,0,0,0,0.03246
AAL,0,0,0,0,0,0,0.21623,0.03223
PTC,0,0,0,0,0.0314,0.12253,0,0.0318
FBHS,0,0,0,0,0.02958,0,0,0.03179
XRAY,0,0,0,0,0,0,0,0.03165
APA,0,0,0,0,0.03505,0,0,0.03157
HSIC,0.1075,0,0,0,0,0,0,0.03135
NI,0,0,0,0,0,0,0,0.02935
ZION,0,0,0,0,0.02901,0,0,0.02921
TPR,0,0,0,0,0,0,0.20881,0.02857
REG,0,0,0,0,0,0,0,0.02857
SEE,0,0,0,0,0.0308,0,0,0.02772
ALLE,0.17246,0,0,0,0,0,0,0.02762
WYNN,0,0,0,0,0,0,0.18638,0.02702
LW,0,0,0,0,0,0,0,0.02699
GL,0,0,0,0,0,0,0,0.02635
AOS,0.13938,0,0,0,0.02587,0,0,0.02609
PNR,0,0,0,0,0.03034,0,0,0.02531
CDAY,0,0,0,0,0.02036,0.09321,0,0.02512
CPB,0,0,0,0,0,0,0,0.02509
PBCT,0,0,0,0,0,0,0,0.02498
AIZ,0,0,0,0,0,0,0,0.02497
DXC,0,0,0,0,0,0.09549,0,0.02488
OGN,0,0,0,0,0,0,0,0.02476
NWSA,0,0,0,0,0,0,0.16368,0.02401
FRT,0,0,0,0,0.01917,0,0,0.02292
NCLH,0,0,0,0,0,0,0.1484,0.02182
PNW,0,0,0,0,0,0,0,0.02163
PENN,0,0,0,0,0,0,0.14758,0.02119
ALK,0,0,0,0,0,0,0.13634,0.02073
VNO,0,0,0,0,0,0,0,0.01968
ROL,0.09636,0,0,0,0.01692,0,0.13381,0.01956
PVH,0,0,0,0,0,0,0.13485,0.01856
RL,0,0,0,0,0,0,0.11378,0.01732
NLSN,0,0,0,0,0,0,0.11738,0.0162
IPGP,0,0,0,0,0,0.05286,0,0.01392
UA,0,0,0,0,0.0073,0,0.05587,0.00843
UAA,0,0,0,0,0.00732,0,0.0586,0.00781
NWS,0,0,0,0,0,0,0.05099,0.00662
OVV,0,0,0,0.39951,0,0,0,0
AMC,0,0.25051,0,0.34611,0,0,0,0
M,0,0,0,0.30215,0,0,0,0
THC,0,0,0,0.32071,0,0,0,0
STAG,0,0,0,0.25739,0,0,0,0
CAR,0,0,0,0.24936,0,0,0,0
CHK,0,0,0,0.25967,0,0,0,0
SSB,0,0,0,0.23208,0,0,0,0
VLY,0,0,0,0.21736,0,0,0,0
EME,0,0,0,0.23164,0,0,0,0
AR,0,0,0,0.23372,0,0,0,0
PDCE,0,0,0,0.20404,0,0,0,0
ONB,0,0,0,0.2033,0,0,0,0
GBCI,0,0,0,0.22464,0,0,0,0
ARNA,0,0,0,0.21627,0,0,0,0
TRNO,0,0,0,0.18854,0,0,0,0
BXMT,0,0,0,0.18873,0,0,0,0
ESNT,0,0,0,0.18473,0,0,0,0
UBSI,0,0,0,0.18356,0,0,0,0
RRC,0,0,0,0.18303,0,0,0,0
HWC,0,0,0,0.1802,0,0,0,0
MUR,0,0,0,0.18037,0,0,0,0
CADE,0,0,0,0.20597,0,0,0,0
KRG,0,0,0,0.17771,0,0,0,0
SIGI,0,0,0,0.17696,0,0,0,0
TGNA,0,0,0,0.17451,0,0,0,0
HR,0,0,0,0.17272,0,0,0,0
UMBF,0,0,0,0.16953,0,0,0,0
POR,0,0,0,0.16985,0,0,0,0
WCC,0,0,0,0.20409,0,0,0,0
GT,0,0,0,0.16644,0,0,0,0
BKH,0,0,0,0.16571,0,0,0,0
CMC,0,0,0,0.16467,0,0,0,0
ADC,0,0,0,0.16416,0,0,0,0
ROLL,0,0,0,0.19138,0,0,0,0
TRTN,0,0,0,0.16265,0,0,0,0
AVNT,0,0,0,0.17912,0,0,0,0
RDN,0,0,0,0.15984,0,0,0,0
APG,0,0,0,0.15874,0,0,0,0
LXP,0,0,0,0.15982,0,0,0,0
SUM,0,0,0,0.15843,0,0,0,0
BIPC,0,0,0,0.15767,0,0,0,0
SM,0,0,0,0.15387,0,0,0,0
OGS,0,0,0,0.15235,0,0,0,0
MATX,0,0,0,0.15193,0,0,0,0
ADNT,0,0,0,0.17006,0,0,0,0
SWX,0,0,0,0.1493,0,0,0,0
INDB,0,0,0,0.14504,0,0,0,0
UCBI,0,0,0,0.14168,0,0,0,0
CBU,0,0,0,0.14417,0,0,0,0
BKU,0,0,0,0.14396,0,0,0,0
NJR,0,0,0,0.14501,0,0,0,0
PNM,0,0,0,0.14517,0,0,0,0
ASB,0,0,0,0.14104,0,0,0,0
DOC,0,0,0,0.14253,0,0,0,0
APLE,0,0,0,0.14109,0,0,0,0
OPCH,0,0,0,0.1409,0,0,0,0
GATX,0,0,0,0.13925,0,0,0,0
CATY,0,0,0,0.13595,0,0,0,0
WD,0,0,0,0.15302,0,0,0,0
HOMB,0,0,0,0.13615,0,0,0,0
KFY,0,0,0,0.13377,0,0,0,0
HP,0,0,0,0.13362,0,0,0,0
PCH,0,0,0,0.13205,0,0,0,0
ESGR,0,0,0,0.1304,0,0,0,0
CHX,0,0,0,0.15848,0,0,0,0
ARNC,0,0,0,0.12925,0,0,0,0
BNL,0,0,0,0.12934,0,0,0,0
WSFS,0,0,0,0.12594,0,0,0,0
DBRG,0,0,0,0.12799,0,0,0,0
ABCB,0,0,0,0.1239,0,0,0,0
MAC,0,0,0,0.12564,0,0,0,0
CNX,0,0,0,0.1248,0,0,0,0
FIBK,0,0,0,0.12929,0,0,0,0
CRC,0,0,0,0.12431,0,0,0,0
VRNT,0,0,0,0.12265,0,0,0,0
FLOW,0,0,0,0.1342,0,0,0,0
REZI,0,0,0,0.13919,0,0,0,0
MTH,0,0,0,0.12872,0,0,0,0
ALE,0,0,0,0.12198,0,0,0,0
SR,0,0,0,0.1212,0,0,0,0
EQC,0,0,0,0.12177,0,0,0,0
HASI,0,0,0,0.12721,0,0,0,0
COOP,0,0,0,0.11927,0,0,0,0
GPI,0,0,0,0.11904,0,0,0,0
AEL,0,0,0,0.12045,0,0,0,0
NWE,0,0,0,0.11982,0,0,0,0
AUB,0,0,0,0.11848,0,0,0,0
CNO,0,0,0,0.1171,0,0,0,0
PPBI,0,0,0,0.13147,0,0,0,0
FHI,0,0,0,0.11765,0,0,0,0
PEB,0,0,0,0.11712,0,0,0,0
SFNC,0,0,0,0.12185,0,0,0,0
CVBF,0,0,0,0.11833,0,0,0,0
SBRA,0,0,0,0.11573,0,0,0,0
CWT,0,0,0,0.11651,0,0,0,0
AVA,0,0,0,0.11237,0,0,0,0
CIM,0,0,0,0.11632,0,0,0,0
EPRT,0,0,0,0.11395,0,0,0,0
BCRX,0,0,0,0.1273,0,0,0,0
SMPL,0,0,0,0.12134,0,0,0,0
MLKN,0,0,0,0.11312,0,0,0,0
TMHC,0,0,0,0.12901,0,0,0,0
FULT,0,0,0,0.11146,0,0,0,0
FUL,0,0,0,0.13692,0,0,0,0
FLR,0,0,0,0.11189,0,0,0,0
PBH,0,0,0,0.11088,0,0,0,0
ORA,0,0,0,0.11124,0,0,0,0
EBC,0,0,0,0.14158,0,0,0,0
ABM,0,0,0,0.11113,0,0,0,0
ETRN,0,0,0,0.10976,0,0,0,0
AIMC,0,0,0,0.11047,0,0,0,0
NAVI,0,0,0,0.11038,0,0,0,0
OUT,0,0,0,0.13727,0,0,0,0
RMBS,0,0,0,0.1098,0,0,0,0
OFC,0,0,0,0.10889,0,0,0,0
COLB,0,0,0,0.10629,0,0,0,0
TWNK,0,0,0,0.10778,0,0,0,0
ONTO,0,0,0,0.15714,0,0,0,0
IBTX,0,0,0,0.10936,0,0,0,0
AX,0,0,0,0.11495,0,0,0,0
FCFS,0,0,0,0.11461,0,0,0,0
FBP,0,0,0,0.10407,0,0,0,0
KMT,0,0,0,0.10582,0,0,0,0
ITGR,0,0,0,0.10363,0,0,0,0
KW,0,0,0,0.10479,0,0,0,0
ENS,0,0,0,0.1161,0,0,0,0
SITC,0,0,0,0.10074,0,0,0,0
ELY,0,0,0,0.10125,0,0,0,0
UNF,0,0,0,0.10211,0,0,0,0
RAMP,0,0,0,0.09938,0,0,0,0
ASO,0,0,0,0.09977,0,0,0,0
MGEE,0,0,0,0.09928,0,0,0,0
PIPR,0,0,0,0.09942,0,0,0,0
HUBG,0,0,0,0.09833,0,0,0,0
IRT,0,0,0,0.09727,0,0,0,0
BHVN,0,0,0,0.29217,0,0,0,0
BCC,0,0,0,0.12316,0,0,0,0
WLL,0,0,0,0.09503,0,0,0,0
FRME,0,0,0,0.09213,0,0,0,0
SANM,0,0,0,0.09533,0,0,0,0
SHO,0,0,0,0.09452,0,0,0,0
OTTR,0,0,0,0.09378,0,0,0,0
ABR,0,0,0,0.09454,0,0,0,0
ISBC,0,0,0,0.14488,0,0,0,0
RLJ,0,0,0,0.09289,0,0,0,0
KBH,0,0,0,0.1134,0,0,0,0
PRMW,0,0,0,0.09221,0,0,0,0
MDRX,0,0,0,0.0925,0,0,0,0
SAVE,0,0,0,0.09175,0,0,0,0
BDC,0,0,0,0.09215,0,0,0,0
PTEN,0,0,0,0.09184,0,0,0,0
TROX,0,0,0,0.0908,0,0,0,0
WAFD,0,0,0,0.08975,0,0,0,0
FBC,0,0,0,0.08715,0,0,0,0
SJI,0,0,0,0.09036,0,0,0,0
NHI,0,0,0,0.09021,0,0,0,0
CSTM,0,0,0,0.08974,0,0,0,0
WERN,0,0,0,0.10171,0,0,0,0
FFBC,0,0,0,0.08666,0,0,0,0
MTX,0,0,0,0.08666,0,0,0,0
IBOC,0,0,0,0.08774,0,0,0,0
ACA,0,0,0,0.0869,0,0,0,0
VSH,0,0,0,0.10066,0,0,0,0
NPO,0,0,0,0.08546,0,0,0,0
GHC,0,0,0,0.08597,0,0,0,0
GMS,0,0,0,0.08505,0,0,0,0
BJ,0,0,0,0.33882,0,0,0,0
TRN,0,0,0,0.08615,0,0,0,0
B,0,0,0,0.08542,0,0,0,0
BDN,0,0,0,0.08541,0,0,0,0
CNNE,0,0,0,0.08513,0,0,0,0
AAWW,0,0,0,0.08479,0,0,0,0
MOGA,0,0,0,0.08507,0,0,0,0
CPK,0,0,0,0.08183,0,0,0,0
NSIT,0,0,0,0.13067,0,0,0,0
WSBC,0,0,0,0.08526,0,0,0,0
ARCB,0,0,0,0.08377,0,0,0,0
TPH,0,0,0,0.08923,0,0,0,0
WIRE,0,0,0,0.0833,0,0,0,0
UNIT,0,0,0,0.08389,0,0,0,0
RLGY,0,0,0,0.083,0,0,0,0
BRC,0,0,0,0.08299,0,0,0,0
MANT,0,0,0,0.08265,0,0,0,0
TOWN,0,0,0,0.08043,0,0,0,0
AIN,0,0,0,0.10119,0,0,0,0
NTCT,0,0,0,0.08158,0,0,0,0
GNW,0,0,0,0.07823,0,0,0,0
SASR,0,0,0,0.08071,0,0,0,0
JWA,0,0,0,0.08184,0,0,0,0
ROIC,0,0,0,0.07851,0,0,0,0
XHR,0,0,0,0.08114,0,0,0,0
MARA,0,0,0,0.08596,0,0,0,0
UE,0,0,0,0.07858,0,0,0,0
SCL,0,0,0,0.08677,0,0,0,0
PDM,0,0,0,0.07976,0,0,0,0
THS,0,0,0,0.07878,0,0,0,0
TCBI,0,0,0,0.12738,0,0,0,0
HTLF,0,0,0,0.07787,0,0,0,0
ANF,0,0,0,0.08628,0,0,0,0
EPAY,0,0,0,0.09601,0,0,0,0
ECPG,0,0,0,0.07853,0,0,0,0
IIPR,0,0,0,0.16319,0,0,0,0
MSGE,0,0,0,0.07862,0,0,0,0
RUSHA,0,0,0,0.07922,0,0,0,0
UNFI,0,0,0,0.08308,0,0,0,0
NTB,0,0,0,0.07843,0,0,0,0
MYGN,0,0,0,0.07649,0,0,0,0
EBS,0,0,0,0.07753,0,0,0,0
ODP,0,0,0,0.0768,0,0,0,0
DRH,0,0,0,0.0765,0,0,0,0
VSTO,0,0,0,0.076,0,0,0,0
TRMK,0,0,0,0.07305,0,0,0,0
RNST,0,0,0,0.07524,0,0,0,0
MLI,0,0,0,0.12289,0,0,0,0
FCPT,0,0,0,0.07527,0,0,0,0
BGS,0,0,0,0.07557,0,0,0,0
PRAA,0,0,0,0.07533,0,0,0,0
BANR,0,0,0,0.0721,0,0,0,0
CWEN,0,0,0,0.10175,0,0,0,0
HTH,0,0,0,0.07604,0,0,0,0
WRE,0,0,0,0.07535,0,0,0,0
MAXR,0,0,0,0.07402,0,0,0,0
PRG,0,0,0,0.08885,0,0,0,0
HOPE,0,0,0,0.07315,0,0,0,0
EPC,0,0,0,0.07331,0,0,0,0
MFA,0,0,0,0.07369,0,0,0,0
SBCF,0,0,0,0.07306,0,0,0,0
NMIH,0,0,0,0.07732,0,0,0,0
KN,0,0,0,0.0729,0,0,0,0
ZWS,0,0,0,0.15266,0,0,0,0
HL,0,0,0,0.1018,0,0,0,0
EGBN,0,0,0,0.07136,0,0,0,0
AMKR,0,0,0,0.09037,0,0,0,0
PDCO,0,0,0,0.09589,0,0,0,0
ARI,0,0,0,0.07084,0,0,0,0
PRK,0,0,0,0.07209,0,0,0,0
WOR,0,0,0,0.06969,0,0,0,0
MWA,0,0,0,0.07524,0,0,0,0
TDS,0,0,0,0.06935,0,0,0,0
CBZ,0,0,0,0.06928,0,0,0,0
PFSI,0,0,0,0.07098,0,0,0,0
AKR,0,0,0,0.07148,0,0,0,0
EFSC,0,0,0,0.06884,0,0,0,0
PFS,0,0,0,0.06609,0,0,0,0
AAT,0,0,0,0.06995,0,0,0,0
LKFN,0,0,0,0.07273,0,0,0,0
SFM,0,0,0,0.12379,0,0,0,0
CRS,0,0,0,0.06809,0,0,0,0
MEI,0,0,0,0.06771,0,0,0,0
SJW,0,0,0,0.06817,0,0,0,0
GTN,0,0,0,0.06697,0,0,0,0
TWO,0,0,0,0.06705,0,0,0,0
PGRE,0,0,0,0.06801,0,0,0,0
MDC,0,0,0,0.09254,0,0,0,0
WTS,0,0,0,0.15212,0,0,0,0
CVET,0,0,0,0.0669,0,0,0,0
LC,0,0,0,0.0667,0,0,0,0
DEA,0,0,0,0.06694,0,0,0,0
INT,0,0,0,0.06681,0,0,0,0
ETWO,0,0,0,0.06561,0,0,0,0
CALM,0,0,0,0.06547,0,0,0,0
HNI,0,0,0,0.07262,0,0,0,0
PBF,0,0,0,0.0655,0,0,0,0
CTRE,0,0,0,0.06671,0,0,0,0
XPER,0,0,0,0.06493,0,0,0,0
NWBI,0,0,0,0.06323,0,0,0,0
MNR,0,0,0,0.07487,0,0,0,0
SMCI,0,0,0,0.06634,0,0,0,0
CUBI,0,0,0,0.06894,0,0,0,0
GTLS,0,0,0,0.16368,0,0,0,0
STAR,0,0,0,0.06273,0,0,0,0
JACK,0,0,0,0.0737,0,0,0,0
VCYT,0,0,0,0.06441,0,0,0,0
CIVI,0,0,0,0.07567,0,0,0,0
IOSP,0,0,0,0.09105,0,0,0,0
STC,0,0,0,0.06418,0,0,0,0
KAR,0,0,0,0.06312,0,0,0,0
LILAK,0,0,0,0.0625,0,0,0,0
VBTX,0,0,0,0.07172,0,0,0,0
ESE,0,0,0,0.06782,0,0,0,0
ICFI,0,0,0,0.06215,0,0,0,0
LNTH,0,0,0,0.07343,0,0,0,0
HMN,0,0,0,0.06243,0,0,0,0
SXT,0,0,0,0.1296,0,0,0,0
NBTB,0,0,0,0.06111,0,0,0,0
ATSG,0,0,0,0.06164,0,0,0,0
ALEX,0,0,0,0.06163,0,0,0,0
GVA,0,0,0,0.06098,0,0,0,0
SUPN,0,0,0,0.06099,0,0,0,0
AGIO,0,0,0,0.06014,0,0,0,0
SEAS,0,0,0,0.13181,0,0,0,0
KTOS,0,0,0,0.07583,0,0,0,0
GDOT,0,0,0,0.06543,0,0,0,0
HI,0,0,0,0.13128,0,0,0,0
TBBK,0,0,0,0.05619,0,0,0,0
FBNC,0,0,0,0.0587,0,0,0,0
TVTX,0,0,0,0.06288,0,0,0,0
GCP,0,0,0,0.05818,0,0,0,0
PSMT,0,0,0,0.06355,0,0,0,0
WABC,0,0,0,0.05843,0,0,0,0
BHLB,0,0,0,0.05082,0,0,0,0
TGH,0,0,0,0.06611,0,0,0,0
NXRT,0,0,0,0.07045,0,0,0,0
VRE,0,0,0,0.05755,0,0,0,0
CCXI,0,0,0,0.06131,0,0,0,0
GNL,0,0,0,0.05556,0,0,0,0
TGI,0,0,0,0.05743,0,0,0,0
AWR,0,0,0,0.11979,0,0,0,0
BTU,0,0,0,0.05578,0,0,0,0
ENVA,0,0,0,0.0559,0,0,0,0
SVC,0,0,0,0.05526,0,0,0,0
DAN,0,0,0,0.11986,0,0,0,0
REGI,0,0,0,0.05635,0,0,0,0
SKYW,0,0,0,0.05608,0,0,0,0
EVH,0,0,0,0.07015,0,0,0,0
NUS,0,0,0,0.09945,0,0,0,0
BGCP,0,0,0,0.05609,0,0,0,0
GLNG,0,0,0,0.05599,0,0,0,0
AIR,0,0,0,0.05437,0,0,0,0
CFFN,0,0,0,0.05539,0,0,0,0
FCF,0,0,0,0.05541,0,0,0,0
ZGNX,0,0,0,0.05537,0,0,0,0
VRTV,0,0,0,0.05517,0,0,0,0
COUR,0,0,0,0.05435,0,0,0,0
ILPT,0,0,0,0.05495,0,0,0,0
BUSE,0,0,0,0.05442,0,0,0,0
HCC,0,0,0,0.06083,0,0,0,0
KRA,0,0,0,0.055,0,0,0,0
OII,0,0,0,0.05437,0,0,0,0
LGFB,0,0,0,0.05349,0,0,0,0
KALU,0,0,0,0.06154,0,0,0,0
ANAT,0,0,0,0.0553,0,0,0,0
DDS,0,0,0,0.05341,0,0,0,0
TRS,0,0,0,0.05273,0,0,0,0
PRIM,0,0,0,0.05281,0,0,0,0
FBK,0,0,0,0.05768,0,0,0,0
MHO,0,0,0,0.05222,0,0,0,0
NWN,0,0,0,0.05398,0,0,0,0
NVTA,0,0,0,0.07045,0,0,0,0
AVNS,0,0,0,0.05232,0,0,0,0
BANF,0,0,0,0.05247,0,0,0,0
DLX,0,0,0,0.05277,0,0,0,0
MPLN,0,0,0,0.06085,0,0,0,0
GSHD,0,0,0,0.06185,0,0,0,0
ARCH,0,0,0,0.06485,0,0,0,0
VGR,0,0,0,0.06074,0,0,0,0
GBX,0,0,0,0.05125,0,0,0,0
NNI,0,0,0,0.05231,0,0,0,0
OFG,0,0,0,0.05145,0,0,0,0
RCUS,0,0,0,0.05115,0,0,0,0
LGND,0,0,0,0.05835,0,0,0,0
NYMT,0,0,0,0.05058,0,0,0,0
MC,0,0,0,0.11318,0,0,0,0
OCFC,0,0,0,0.05132,0,0,0,0
LADR,0,0,0,0.05024,0,0,0,0
BBBY,0,0,0,0.05724,0,0,0,0
VECO,0,0,0,0.05022,0,0,0,0
ISEE,0,0,0,0.06365,0,0,0,0
ESRT,0,0,0,0.051,0,0,0,0
NBHC,0,0,0,0.05092,0,0,0,0
SBSI,0,0,0,0.04809,0,0,0,0
UVV,0,0,0,0.04922,0,0,0,0
ECOL,0,0,0,0.05621,0,0,0,0
LTC,0,0,0,0.05034,0,0,0,0
GEF,0,0,0,0.05983,0,0,0,0
CSR,0,0,0,0.04871,0,0,0,0
APTS,0,0,0,0.05058,0,0,0,0
LRN,0,0,0,0.05271,0,0,0,0
TPTX,0,0,0,0.05597,0,0,0,0
RILY,0,0,0,0.04911,0,0,0,0
JELD,0,0,0,0.08109,0,0,0,0
PRLB,0,0,0,0.05856,0,0,0,0
CNOB,0,0,0,0.04895,0,0,0,0
PRA,0,0,0,0.04767,0,0,0,0
TTMI,0,0,0,0.04813,0,0,0,0
SXI,0,0,0,0.04723,0,0,0,0
IHRT,0,0,0,0.08802,0,0,0,0
OXM,0,0,0,0.05108,0,0,0,0
GIII,0,0,0,0.04682,0,0,0,0
STRA,0,0,0,0.0482,0,0,0,0
TCBK,0,0,0,0.0473,0,0,0,0
MLAB,0,0,0,0.04723,0,0,0,0
NOG,0,0,0,0.04725,0,0,0,0
OPK,0,0,0,0.04753,0,0,0,0
LZB,0,0,0,0.04772,0,0,0,0
BRKL,0,0,0,0.04964,0,0,0,0
DCOM,0,0,0,0.04727,0,0,0,0
SAFT,0,0,0,0.04689,0,0,0,0
SSP,0,0,0,0.0477,0,0,0,0
CCO,0,0,0,0.05122,0,0,0,0
PMT,0,0,0,0.05719,0,0,0,0
SKT,0,0,0,0.06451,0,0,0,0
ARGO,0,0,0,0.04654,0,0,0,0
CDEV,0,0,0,0.05308,0,0,0,0
PLUS,0,0,0,0.04663,0,0,0,0
AZZ,0,0,0,0.04583,0,0,0,0
SFL,0,0,0,0.04478,0,0,0,0
IDCC,0,0,0,0.07768,0,0,0,0
CMCO,0,0,0,0.04596,0,0,0,0
OSIS,0,0,0,0.05112,0,0,0,0
NCBS,0,0,0,0.0462,0,0,0,0
PACB,0,0,0,0.08355,0,0,0,0
CASH,0,0,0,0.06381,0,0,0,0
OPI,0,0,0,0.0455,0,0,0,0
CHCO,0,0,0,0.04434,0,0,0,0
ROCK,0,0,0,0.06282,0,0,0,0
ATI,0,0,0,0.11418,0,0,0,0
AHCO,0,0,0,0.04522,0,0,0,0
LAUR,0,0,0,0.04547,0,0,0,0
DK,0,0,0,0.04581,0,0,0,0
IMKTA,0,0,0,0.04382,0,0,0,0
CXW,0,0,0,0.0451,0,0,0,0
BKD,0,0,0,0.0445,0,0,0,0
BIG,0,0,0,0.04446,0,0,0,0
RWT,0,0,0,0.04385,0,0,0,0
SNEX,0,0,0,0.04967,0,0,0,0
ASTE,0,0,0,0.0441,0,0,0,0
LBAI,0,0,0,0.04286,0,0,0,0
FLGT,0,0,0,0.05056,0,0,0,0
KAMN,0,0,0,0.04313,0,0,0,0
TMP,0,0,0,0.04373,0,0,0,0
NOVA,0,0,0,0.05141,0,0,0,0
STBA,0,0,0,0.04449,0,0,0,0
PING,0,0,0,0.04296,0,0,0,0
BRMK,0,0,0,0.04327,0,0,0,0
PFC,0,0,0,0.04399,0,0,0,0
GTY,0,0,0,0.04407,0,0,0,0
AGM,0,0,0,0.04382,0,0,0,0
AROC,0,0,0,0.0433,0,0,0,0
SCHL,0,0,0,0.0419,0,0,0,0
SAH,0,0,0,0.04369,0,0,0,0
APOG,0,0,0,0.04237,0,0,0,0
ENTA,0,0,0,0.047,0,0,0,0
SCS,0,0,0,0.04192,0,0,0,0
SYBT,0,0,0,0.05112,0,0,0,0
NEX,0,0,0,0.04711,0,0,0,0
RPT,0,0,0,0.03915,0,0,0,0
NXGN,0,0,0,0.04057,0,0,0,0
FFWM,0,0,0,0.04196,0,0,0,0
CENTA,0,0,0,0.06667,0,0,0,0
RXDX,0,0,0,0.04643,0,0,0,0
PLAB,0,0,0,0.04137,0,0,0,0
MTRN,0,0,0,0.06693,0,0,0,0
SBGI,0,0,0,0.04831,0,0,0,0
INN,0,0,0,0.04037,0,0,0,0
BANC,0,0,0,0.04085,0,0,0,0
MATW,0,0,0,0.04124,0,0,0,0
DNOW,0,0,0,0.04086,0,0,0,0
IRDM,0,0,0,0.16556,0,0,0,0
EIG,0,0,0,0.04161,0,0,0,0
PUMP,0,0,0,0.03946,0,0,0,0
MSEX,0,0,0,0.06132,0,0,0,0
ATRA,0,0,0,0.04332,0,0,0,0
NVEE,0,0,0,0.05178,0,0,0,0
AIV,0,0,0,0.03968,0,0,0,0
AMSF,0,0,0,0.03935,0,0,0,0
GFF,0,0,0,0.03963,0,0,0,0
FRG,0,0,0,0.0459,0,0,0,0
ATGE,0,0,0,0.03857,0,0,0,0
MMI,0,0,0,0.0435,0,0,0,0
CENX,0,0,0,0.04123,0,0,0,0
RVMD,0,0,0,0.0451,0,0,0,0
GOLF,0,0,0,0.05412,0,0,0,0
WMK,0,0,0,0.03776,0,0,0,0
CSGS,0,0,0,0.07119,0,0,0,0
SCHN,0,0,0,0.04152,0,0,0,0
HA,0,0,0,0.03755,0,0,0,0
GABC,0,0,0,0.0377,0,0,0,0
WASH,0,0,0,0.03758,0,0,0,0
GCO,0,0,0,0.03829,0,0,0,0
SMP,0,0,0,0.03792,0,0,0,0
HMST,0,0,0,0.03703,0,0,0,0
MRTN,0,0,0,0.03761,0,0,0,0
SATS,0,0,0,0.03785,0,0,0,0
CEIX,0,0,0,0.03756,0,0,0,0
AFIN US,0,0,0,0.03771,0,0,0,0
PLAY,0,0,0,0.06916,0,0,0,0
GPRE,0,0,0,0.03616,0,0,0,0
GMRE,0,0,0,0.03634,0,0,0,0
MNRL,0,0,0,0.03749,0,0,0,0
SPTN,0,0,0,0.03611,0,0,0,0
FRO,0,0,0,0.03725,0,0,0,0
MGI,0,0,0,0.03641,0,0,0,0
SWM,0,0,0,0.03697,0,0,0,0
FDP,0,0,0,0.03631,0,0,0,0
CHEF,0,0,0,0.03967,0,0,0,0
CLNE,0,0,0,0.036,0,0,0,0
TSC,0,0,0,0.03652,0,0,0,0
EFC,0,0,0,0.03527,0,0,0,0
MCB,0,0,0,0.03884,0,0,0,0
ASIX,0,0,0,0.03557,0,0,0,0
ADTN,0,0,0,0.03877,0,0,0,0
ZUMZ,0,0,0,0.03521,0,0,0,0
VIVO,0,0,0,0.03969,0,0,0,0
TBI,0,0,0,0.03601,0,0,0,0
GLDD,0,0,0,0.03496,0,0,0,0
STFC,0,0,0,0.03505,0,0,0,0
SIG,0,0,0,0.15395,0,0,0,0
WRLD,0,0,0,0.0349,0,0,0,0
IMAX,0,0,0,0.03835,0,0,0,0
CARS,0,0,0,0.0397,0,0,0,0
HURN,0,0,0,0.03816,0,0,0,0
DFIN,0,0,0,0.03683,0,0,0,0
DRQ,0,0,0,0.03316,0,0,0,0
AMWD,0,0,0,0.03312,0,0,0,0
HBNC,0,0,0,0.03429,0,0,0,0
QCRH,0,0,0,0.03406,0,0,0,0
KURA,0,0,0,0.03445,0,0,0,0
AMTB,0,0,0,0.03452,0,0,0,0
BHE,0,0,0,0.03388,0,0,0,0
NBR,0,0,0,0.03359,0,0,0,0
PLYM,0,0,0,0.03243,0,0,0,0
HFWA,0,0,0,0.03313,0,0,0,0
CTS,0,0,0,0.04305,0,0,0,0
ARRY,0,0,0,0.04346,0,0,0,0
HAE,0,0,0,0.10594,0,0,0,0
DIOD,0,0,0,0.14585,0,0,0,0
UVSP,0,0,0,0.03414,0,0,0,0
NTST,0,0,0,0.03229,0,0,0,0
RC,0,0,0,0.03219,0,0,0,0
PEBO,0,0,0,0.03256,0,0,0,0
MNKD,0,0,0,0.03581,0,0,0,0
PSN,0,0,0,0.03302,0,0,0,0
SRCE,0,0,0,0.03237,0,0,0,0
SLCA,0,0,0,0.03263,0,0,0,0
TUP,0,0,0,0.03228,0,0,0,0
MODV,0,0,0,0.04797,0,0,0,0
AHH,0,0,0,0.03305,0,0,0,0
JRVR,0,0,0,0.03698,0,0,0,0
ABTX,0,0,0,0.03065,0,0,0,0
ACCO,0,0,0,0.03128,0,0,0,0
MD,0,0,0,0.06644,0,0,0,0
COWN,0,0,0,0.03151,0,0,0,0
RPAY,0,0,0,0.05487,0,0,0,0
PACK,0,0,0,0.03712,0,0,0,0
CWENA,0,0,0,0.04047,0,0,0,0
OBNK,0,0,0,0.03824,0,0,0,0
GCI,0,0,0,0.03031,0,0,0,0
GES,0,0,0,0.03533,0,0,0,0
ANGO,0,0,0,0.02986,0,0,0,0
EBIX,0,0,0,0.03048,0,0,0,0
CNDT,0,0,0,0.03028,0,0,0,0
CVCO,0,0,0,0.10054,0,0,0,0
NHC,0,0,0,0.03073,0,0,0,0
BECN,0,0,0,0.11799,0,0,0,0
VREX,0,0,0,0.03425,0,0,0,0
NTGR,0,0,0,0.02929,0,0,0,0
NTUS,0,0,0,0.02915,0,0,0,0
KBR,0,0,0,0.22962,0,0,0,0
PDFS,0,0,0,0.02899,0,0,0,0
WNC,0,0,0,0.03103,0,0,0,0
MRC,0,0,0,0.0296,0,0,0,0
ARR,0,0,0,0.02888,0,0,0,0
DHT,0,0,0,0.02988,0,0,0,0
NPTN,0,0,0,0.02952,0,0,0,0
KELYA,0,0,0,0.02944,0,0,0,0
RRD,0,0,0,0.0291,0,0,0,0
SNBR,0,0,0,0.05623,0,0,0,0
SCSC,0,0,0,0.02905,0,0,0,0
UTL,0,0,0,0.02882,0,0,0,0
NX,0,0,0,0.02805,0,0,0,0
INVA,0,0,0,0.0317,0,0,0,0
STNG,0,0,0,0.029,0,0,0,0
LGFA,0,0,0,0.02954,0,0,0,0
HAFC,0,0,0,0.02877,0,0,0,0
IVR,0,0,0,0.02962,0,0,0,0
BRSP,0,0,0,0.02859,0,0,0,0
CIO,0,0,0,0.02855,0,0,0,0
GEO,0,0,0,0.02847,0,0,0,0
PFBC,0,0,0,0.02907,0,0,0,0
RADI,0,0,0,0.02815,0,0,0,0
SFBS,0,0,0,0.16289,0,0,0,0
FBMS,0,0,0,0.02929,0,0,0,0
LIVN,0,0,0,0.14253,0,0,0,0
DHC,0,0,0,0.02813,0,0,0,0
INSW,0,0,0,0.02893,0,0,0,0
KREF,0,0,0,0.02751,0,0,0,0
SPNT,0,0,0,0.0285,0,0,0,0
TRTX,0,0,0,0.02817,0,0,0,0
RVLV,0,0,0,0.07498,0,0,0,0
HSC,0,0,0,0.04742,0,0,0,0
VTOL,0,0,0,0.02776,0,0,0,0
VNDA,0,0,0,0.02734,0,0,0,0
HONE,0,0,0,0.02852,0,0,0,0
CPRX,0,0,0,0.02773,0,0,0,0
TMST,0,0,0,0.02773,0,0,0,0
ANDE,0,0,0,0.04681,0,0,0,0
CMRE,0,0,0,0.02805,0,0,0,0
NP,0,0,0,0.0273,0,0,0,0
HLI,0,0,0,0.20948,0,0,0,0
CAC,0,0,0,0.02733,0,0,0,0
FFIC,0,0,0,0.02767,0,0,0,0
VRS,0,0,0,0.02671,0,0,0,0
ENDP,0,0,0,0.02774,0,0,0,0
PFGC,0,0,0,0.3029,0,0,0,0
GOGO,0,0,0,0.02885,0,0,0,0
PRDO,0,0,0,0.02601,0,0,0,0
HTBK,0,0,0,0.02739,0,0,0,0
MBI,0,0,0,0.02728,0,0,0,0
KRYS,0,0,0,0.04137,0,0,0,0
AMRS,0,0,0,0.02966,0,0,0,0
BY,0,0,0,0.02718,0,0,0,0
AMWL,0,0,0,0.02663,0,0,0,0
CPF,0,0,0,0.02733,0,0,0,0
CTBI,0,0,0,0.02673,0,0,0,0
FMBH,0,0,0,0.02611,0,0,0,0
PGC,0,0,0,0.02799,0,0,0,0
NFBK,0,0,0,0.02716,0,0,0,0
CLDT,0,0,0,0.02601,0,0,0,0
ITOS,0,0,0,0.02597,0,0,0,0
PWSC,0,0,0,0.03291,0,0,0,0
FOSL,0,0,0,0.02616,0,0,0,0
DGII,0,0,0,0.02595,0,0,0,0
SHEN,0,0,0,0.03929,0,0,0,0
AMBC,0,0,0,0.02634,0,0,0,0
LBRT,0,0,0,0.03922,0,0,0,0
GRC,0,0,0,0.03124,0,0,0,0
HLIT,0,0,0,0.03155,0,0,0,0
AMPH,0,0,0,0.03645,0,0,0,0
HTLD,0,0,0,0.0255,0,0,0,0
CRK,0,0,0,0.02565,0,0,0,0
KRNY,0,0,0,0.03601,0,0,0,0
POLY,0,0,0,0.04355,0,0,0,0
CCRN,0,0,0,0.02921,0,0,0,0
CCS,0,0,0,0.07032,0,0,0,0
INO,0,0,0,0.025,0,0,0,0
AAN,0,0,0,0.02489,0,0,0,0
ACRE,0,0,0,0.02398,0,0,0,0
CVI,0,0,0,0.0246,0,0,0,0
GSBC,0,0,0,0.0252,0,0,0,0
STRL,0,0,0,0.03064,0,0,0,0
MSBI,0,0,0,0.02482,0,0,0,0
ACBI,0,0,0,0.02387,0,0,0,0
IIIN,0,0,0,0.02707,0,0,0,0
SXC,0,0,0,0.02451,0,0,0,0
GPMT,0,0,0,0.02471,0,0,0,0
AMRK,0,0,0,0.02352,0,0,0,0
ADUS,0,0,0,0.04205,0,0,0,0
LPI,0,0,0,0.03303,0,0,0,0
TRST,0,0,0,0.02368,0,0,0,0
UFCS,0,0,0,0.02324,0,0,0,0
GEVO,0,0,0,0.02388,0,0,0,0
CPLG,0,0,0,0.02387,0,0,0,0
MNRO,0,0,0,0.06094,0,0,0,0
KOP,0,0,0,0.0229,0,0,0,0
BCOR,0,0,0,0.03617,0,0,0,0
HCSG,0,0,0,0.04821,0,0,0,0
BRY,0,0,0,0.02316,0,0,0,0
ROG,0,0,0,0.19098,0,0,0,0
TILE,0,0,0,0.02992,0,0,0,0
CSV,0,0,0,0.02812,0,0,0,0
GNK,0,0,0,0.02331,0,0,0,0
MOV,0,0,0,0.02261,0,0,0,0
ROCC,0,0,0,0.02386,0,0,0,0
MTW,0,0,0,0.02312,0,0,0,0
GLT,0,0,0,0.02347,0,0,0,0
OFIX,0,0,0,0.0223,0,0,0,0
MBWM,0,0,0,0.02324,0,0,0,0
HSTM,0,0,0,0.02289,0,0,0,0
ADV,0,0,0,0.02273,0,0,0,0
XPRO,0,0,0,0.02576,0,0,0,0
CATC,0,0,0,0.02308,0,0,0,0
TITN,0,0,0,0.02218,0,0,0,0
THR,0,0,0,0.02207,0,0,0,0
ANAB,0,0,0,0.02197,0,0,0,0
ASGN,0,0,0,0.20525,0,0,0,0
PCVX,0,0,0,0.03089,0,0,0,0
GOOD,0,0,0,0.02891,0,0,0,0
PGTI,0,0,0,0.04211,0,0,0,0
TDW,0,0,0,0.02163,0,0,0,0
FSP,0,0,0,0.02227,0,0,0,0
GOSS,0,0,0,0.02191,0,0,0,0
AGX,0,0,0,0.02218,0,0,0,0
HLX,0,0,0,0.02176,0,0,0,0
UBA,0,0,0,0.02164,0,0,0,0
OSUR,0,0,0,0.02172,0,0,0,0
MGRC,0,0,0,0.06747,0,0,0,0
CBTX,0,0,0,0.0214,0,0,0,0
AJRD,0,0,0,0.10346,0,0,0,0
DX,0,0,0,0.02125,0,0,0,0
THFF,0,0,0,0.0213,0,0,0,0
BMRC,0,0,0,0.02309,0,0,0,0
RMAX,0,0,0,0.02093,0,0,0,0
ETD,0,0,0,0.0204,0,0,0,0
WSR,0,0,0,0.02014,0,0,0,0
RAD,0,0,0,0.02069,0,0,0,0
CNXN,0,0,0,0.02084,0,0,0,0
SNDX,0,0,0,0.02783,0,0,0,0
IIVI,0,0,0,0.28517,0,0,0,0
URBN,0,0,0,0.06957,0,0,0,0
NWLI,0,0,0,0.02166,0,0,0,0
CLBK,0,0,0,0.03248,0,0,0,0
AMCX,0,0,0,0.04256,0,0,0,0
DHIL,0,0,0,0.02071,0,0,0,0
BV,0,0,0,0.02058,0,0,0,0
FN,0,0,0,0.14165,0,0,0,0
ECVT,0,0,0,0.02035,0,0,0,0
PECO,0,0,0,0.02314,0,0,0,0
RES,0,0,0,0.02038,0,0,0,0
RGP,0,0,0,0.02059,0,0,0,0
SAFM,0,0,0,0.13823,0,0,0,0
CMTL,0,0,0,0.02017,0,0,0,0
BOMN,0,0,0,0.01928,0,0,0,0
FCBC,0,0,0,0.01902,0,0,0,0
FMNB,0,0,0,0.02101,0,0,0,0
ORC,0,0,0,0.01957,0,0,0,0
FLIC,0,0,0,0.02006,0,0,0,0
CNSL,0,0,0,0.01987,0,0,0,0
BFST,0,0,0,0.02026,0,0,0,0
DXPE,0,0,0,0.01957,0,0,0,0
CALX,0,0,0,0.11074,0,0,0,0
IBCP,0,0,0,0.01981,0,0,0,0
FISI,0,0,0,0.01889,0,0,0,0
AROW,0,0,0,0.01857,0,0,0,0
CCF,0,0,0,0.02578,0,0,0,0
TR,0,0,0,0.01885,0,0,0,0
UFPI,0,0,0,0.19141,0,0,0,0
KDNY,0,0,0,0.01874,0,0,0,0
LLNW,0,0,0,0.01877,0,0,0,0
VSEC,0,0,0,0.01919,0,0,0,0
HIFS,0,0,0,0.02057,0,0,0,0
DCO,0,0,0,0.01874,0,0,0,0
AEVA,0,0,0,0.0186,0,0,0,0
TA,0,0,0,0.01923,0,0,0,0
VEC,0,0,0,0.0187,0,0,0,0
HAYN,0,0,0,0.01826,0,0,0,0
DY,0,0,0,0.10205,0,0,0,0
PSB,0,0,0,0.12049,0,0,0,0
KZR,0,0,0,0.01886,0,0,0,0
HSII,0,0,0,0.03287,0,0,0,0
WINA,0,0,0,0.02822,0,0,0,0
EGLE,0,0,0,0.01852,0,0,0,0
CLW,0,0,0,0.01862,0,0,0,0
EBF,0,0,0,0.01812,0,0,0,0
FARO,0,0,0,0.03675,0,0,0,0
BLX,0,0,0,0.01901,0,0,0,0
LILA,0,0,0,0.01837,0,0,0,0
CASS,0,0,0,0.02258,0,0,0,0
GRBK,0,0,0,0.02531,0,0,0,0
REX,0,0,0,0.01837,0,0,0,0
OLP,0,0,0,0.01792,0,0,0,0
TWI,0,0,0,0.02154,0,0,0,0
TPC,0,0,0,0.01842,0,0,0,0
OMI,0,0,0,0.10259,0,0,0,0
INBK,0,0,0,0.01868,0,0,0,0
ARCT,0,0,0,0.01797,0,0,0,0
RNA,0,0,0,0.02119,0,0,0,0
HOV,0,0,0,0.01764,0,0,0,0
WTTR,0,0,0,0.01731,0,0,0,0
FFIN,0,0,0,0.23204,0,0,0,0
HZO,0,0,0,0.03714,0,0,0,0
RGNX,0,0,0,0.03658,0,0,0,0
RBCAA,0,0,0,0.01803,0,0,0,0
AXL,0,0,0,0.03526,0,0,0,0
ALRS,0,0,0,0.01731,0,0,0,0
TVTY,0,0,0,0.04251,0,0,0,0
VIAV,0,0,0,0.1491,0,0,0,0
YELL,0,0,0,0.0183,0,0,0,0
VVNT,0,0,0,0.02372,0,0,0,0
BZH,0,0,0,0.01804,0,0,0,0
IMGN,0,0,0,0.03798,0,0,0,0
HTBI,0,0,0,0.01872,0,0,0,0
UFPT,0,0,0,0.01931,0,0,0,0
MOFG,0,0,0,0.01763,0,0,0,0
BBSI,0,0,0,0.0174,0,0,0,0
EQBK,0,0,0,0.01734,0,0,0,0
MOD,0,0,0,0.01977,0,0,0,0
PTVE,0,0,0,0.01728,0,0,0,0
BFC,0,0,0,0.01804,0,0,0,0
IPI,0,0,0,0.0174,0,0,0,0
CARA,0,0,0,0.01704,0,0,0,0
MBIN,0,0,0,0.01834,0,0,0,0
CSTR,0,0,0,0.0171,0,0,0,0
CCNE,0,0,0,0.01657,0,0,0,0
CHS,0,0,0,0.02171,0,0,0,0
ANIK,0,0,0,0.01664,0,0,0,0
BHB,0,0,0,0.01673,0,0,0,0
IBRX,0,0,0,0.01896,0,0,0,0
AMNB,0,0,0,0.01603,0,0,0,0
ITRI,0,0,0,0.09242,0,0,0,0
ATEX,0,0,0,0.02304,0,0,0,0
RIDE,0,0,0,0.01811,0,0,0,0
BVH,0,0,0,0.01647,0,0,0,0
AVO,0,0,0,0.01861,0,0,0,0
IDEX,0,0,0,0.01709,0,0,0,0
USM,0,0,0,0.01643,0,0,0,0
NGM,0,0,0,0.01824,0,0,0,0
AMK,0,0,0,0.01703,0,0,0,0
CARE,0,0,0,0.01642,0,0,0,0
FBRT,0,0,0,0.01626,0,0,0,0
FCEL,0,0,0,0.0694,0,0,0,0
SMBC,0,0,0,0.01582,0,0,0,0
MCS,0,0,0,0.01607,0,0,0,0
CPSI,0,0,0,0.01591,0,0,0,0
DOUG,0,0,0,0.01841,0,0,0,0
STGW,0,0,0,0.01726,0,0,0,0
BLUE,0,0,0,0.01563,0,0,0,0
HY,0,0,0,0.01562,0,0,0,0
CZNC,0,0,0,0.01489,0,0,0,0
WTBA,0,0,0,0.01834,0,0,0,0
SAFE,0,0,0,0.0475,0,0,0,0
RMR,0,0,0,0.01734,0,0,0,0
RHP,0,0,0,0.1862,0,0,0,0
OSBC,0,0,0,0.01607,0,0,0,0
KE,0,0,0,0.01635,0,0,0,0
LL,0,0,0,0.01552,0,0,0,0
MVBF,0,0,0,0.01498,0,0,0,0
MPB,0,0,0,0.01544,0,0,0,0
FORM,0,0,0,0.12282,0,0,0,0
ANIP,0,0,0,0.01505,0,0,0,0
NPK,0,0,0,0.01626,0,0,0,0
WTI,0,0,0,0.01473,0,0,0,0
MYRG,0,0,0,0.05899,0,0,0,0
LEU,0,0,0,0.01502,0,0,0,0
OPY,0,0,0,0.01569,0,0,0,0
EBTC,0,0,0,0.01357,0,0,0,0
CFB,0,0,0,0.02915,0,0,0,0
WSBF,0,0,0,0.01646,0,0,0,0
ARQT,0,0,0,0.01672,0,0,0,0
ALTO,0,0,0,0.01519,0,0,0,0
BSRR,0,0,0,0.01457,0,0,0,0
MGTX,0,0,0,0.01585,0,0,0,0
PRAX,0,0,0,0.01552,0,0,0,0
VPG,0,0,0,0.01492,0,0,0,0
DJCO,0,0,0,0.01552,0,0,0,0
WW,0,0,0,0.021,0,0,0,0
APR,0,0,0,0.02678,0,0,0,0
LANC,0,0,0,0.11596,0,0,0,0
VIEW,0,0,0,0.01439,0,0,0,0
ICHR,0,0,0,0.04042,0,0,0,0
RXRX,0,0,0,0.04442,0,0,0,0
ATNI,0,0,0,0.01457,0,0,0,0
CIVB,0,0,0,0.01338,0,0,0,0
BLFY,0,0,0,0.01621,0,0,0,0
CCBG,0,0,0,0.01452,0,0,0,0
STXB,0,0,0,0.01475,0,0,0,0
CONN,0,0,0,0.01478,0,0,0,0
SPXC,0,0,0,0.08554,0,0,0,0
WOW,0,0,0,0.03692,0,0,0,0
ALLO,0,0,0,0.02389,0,0,0,0
TALO,0,0,0,0.01709,0,0,0,0
UEIC,0,0,0,0.0146,0,0,0,0
MCBS,0,0,0,0.01882,0,0,0,0
CHCT,0,0,0,0.04002,0,0,0,0
SMBK,0,0,0,0.01395,0,0,0,0
FRPH,0,0,0,0.01435,0,0,0,0
FMTX,0,0,0,0.01354,0,0,0,0
OAS,0,0,0,0.09433,0,0,0,0
HYLN,0,0,0,0.01746,0,0,0,0
FRST,0,0,0,0.01381,0,0,0,0
LAND,0,0,0,0.03367,0,0,0,0
ASAN,0,0.11464,0,0.16951,0,0,0,0
EVC,0,0,0,0.01418,0,0,0,0
TACO,0,0,0,0.01422,0,0,0,0
ARTNA,0,0,0,0.01444,0,0,0,0
NESR,0,0,0,0.01354,0,0,0,0
HCI,0,0,0,0.01405,0,0,0,0
SRI,0,0,0,0.01562,0,0,0,0
PRVB,0,0,0,0.01364,0,0,0,0
RYTM,0,0,0,0.01341,0,0,0,0
OPRT,0,0,0,0.01391,0,0,0,0
RUSHB,0,0,0,0.01178,0,0,0,0
CDE,0,0,0,0.04106,0,0,0,0
TRC,0,0,0,0.01294,0,0,0,0
PFIS,0,0,0,0.01317,0,0,0,0
KBAL,0,0,0,0.01331,0,0,0,0
AVIR,0,0,0,0.01439,0,0,0,0
CATO,0,0,0,0.01388,0,0,0,0
CTO,0,0,0,0.01308,0,0,0,0
FREE,0,0,0,0.01303,0,0,0,0
FDMT,0,0,0,0.01437,0,0,0,0
STRO,0,0,0,0.01377,0,0,0,0
UVE,0,0,0,0.01388,0,0,0,0
BGFV,0,0,0,0.01321,0,0,0,0
WKHS,0,0,0,0.01422,0,0,0,0
IDYA,0,0,0,0.01682,0,0,0,0
RBB,0,0,0,0.01449,0,0,0,0
BHR,0,0,0,0.01214,0,0,0,0
CGEM,0,0,0,0.01387,0,0,0,0
FNLC,0,0,0,0.01209,0,0,0,0
APEI,0,0,0,0.01313,0,0,0,0
CHUY,0,0,0,0.0238,0,0,0,0
ATRO,0,0,0,0.01291,0,0,0,0
SRG,0,0,0,0.01277,0,0,0,0
TRUE,0,0,0,0.01264,0,0,0,0
GOEV,0,0,0,0.02294,0,0,0,0
OIS,0,0,0,0.01279,0,0,0,0
CNK,0,0,0,0.07139,0,0,0,0
CPE,0,0,0,0.09234,0,0,0,0
BRBR,0,0,0,0.03629,0,0,0,0
MYE,0,0,0,0.02374,0,0,0,0
REVG,0,0,0,0.01483,0,0,0,0
RYAM,0,0,0,0.01255,0,0,0,0
RLI,0,0,0,0.14997,0,0,0,0
FPI,0,0,0,0.01232,0,0,0,0
HT,0,0,0,0.01212,0,0,0,0
TSVT,0,0,0,0.01251,0,0,0,0
SEER,0,0,0,0.02001,0,0,0,0
MMSI,0,0,0,0.10958,0,0,0,0
AVD,0,0,0,0.01638,0,0,0,0
SMMF,0,0,0,0.01179,0,0,0,0
PSNL,0,0,0,0.01361,0,0,0,0
GERN,0,0,0,0.01185,0,0,0,0
GEFB,0,0,0,0.01299,0,0,0,0
LPG,0,0,0,0.01456,0,0,0,0
NR,0,0,0,0.0123,0,0,0,0
TIL,0,0,0,0.0221,0,0,0,0
SPFI,0,0,0,0.01181,0,0,0,0
HBCP,0,0,0,0.01167,0,0,0,0
LNDC,0,0,0,0.01128,0,0,0,0
SCU,0,0,0,0.01164,0,0,0,0
INSG,0,0,0,0.01469,0,0,0,0
TIPT,0,0,0,0.01143,0,0,0,0
MLR,0,0,0,0.01239,0,0,0,0
SFST,0,0,0,0.01657,0,0,0,0
EZPW,0,0,0,0.01191,0,0,0,0
SENEA,0,0,0,0.01262,0,0,0,0
GNTY,0,0,0,0.01079,0,0,0,0
CLSK,0,0,0,0.01141,0,0,0,0
TLYS,0,0,0,0.01216,0,0,0,0
CWST,0,0,0,0.13901,0,0,0,0
ATHA,0,0,0,0.01137,0,0,0,0
AXTI,0,0,0,0.01103,0,0,0,0
FOE,0,0,0,0.06789,0,0,0,0
BRBS,0,0,0,0.01157,0,0,0,0
MPAA,0,0,0,0.01135,0,0,0,0
BWB,0,0,0,0.01435,0,0,0,0
LTH,0,0,0,0.02385,0,0,0,0
EGRX,0,0,0,0.02043,0,0,0,0
CLDX,0,0,0,0.05152,0,0,0,0
OCN,0,0,0,0.01184,0,0,0,0
CENT,0,0,0,0.01741,0,0,0,0
ACET,0,0,0,0.01077,0,0,0,0
BW,0,0,0,0.01575,0,0,0,0
RLGT,0,0,0,0.01051,0,0,0,0
FULC,0,0,0,0.01023,0,0,0,0
BBIO,0,0,0,0.03221,0,0,0,0
HWKN,0,0,0,0.03178,0,0,0,0
MXCT,0,0,0,0.02347,0,0,0,0
BRT,0,0,0,0.00999,0,0,0,0
PRTA,0,0,0,0.04551,0,0,0,0
ALT,0,0,0,0.01066,0,0,0,0
AVNW,0,0,0,0.00876,0,0,0,0
UIS,0,0,0,0.05049,0,0,0,0
CVLG,0,0,0,0.01099,0,0,0,0
CSTE,0,0,0,0.01076,0,0,0,0
UTMD,0,0,0,0.01156,0,0,0,0
KRO,0,0,0,0.0121,0,0,0,0
ORRF,0,0,0,0.01017,0,0,0,0
PVBC,0,0,0,0.01007,0,0,0,0
NAT,0,0,0,0.00915,0,0,0,0
AMTX,0,0,0,0.01101,0,0,0,0
UFI,0,0,0,0.00997,0,0,0,0
TCS,0,0,0,0.01045,0,0,0,0
OSW,0,0,0,0.02069,0,0,0,0
HCCI,0,0,0,0.01659,0,0,0,0
TNK,0,0,0,0.00994,0,0,0,0
HVT,0,0,0,0.01684,0,0,0,0
NWPX,0,0,0,0.01107,0,0,0,0
SB,0,0,0,0.01029,0,0,0,0
NRIM,0,0,0,0.00991,0,0,0,0
FRBK,0,0,0,0.00876,0,0,0,0
RCKY,0,0,0,0.01022,0,0,0,0
DM,0,0,0,0.02791,0,0,0,0
PLXS,0,0,0,0.08557,0,0,0,0
SPWR,0,0,0,0.04732,0,0,0,0
FLYW,0,0,0,0.0616,0,0,0,0
LXFR,0,0,0,0.01685,0,0,0,0
LE,0,0,0,0.00959,0,0,0,0
LOCO,0,0,0,0.0099,0,0,0,0
PCSB,0,0,0,0.00952,0,0,0,0
BPMC,0,0,0,0.14613,0,0,0,0
PKE,0,0,0,0.00992,0,0,0,0
RM,0,0,0,0.01564,0,0,0,0
EHTH,0,0,0,0.01375,0,0,0,0
MCBC,0,0,0,0.00946,0,0,0,0
AJX,0,0,0,0.01046,0,0,0,0
BNED,0,0,0,0.0092,0,0,0,0
AUD,0,0,0,0.00936,0,0,0,0
GNUS,0,0,0,0.00952,0,0,0,0
MTOR,0,0,0,0.06272,0,0,0,0
ZY,0,0,0,0.01235,0,0,0,0
PJT,0,0,0,0.05789,0,0,0,0
FLDM,0,0,0,0.01035,0,0,0,0
FRBA,0,0,0,0.00876,0,0,0,0
RBBN,0,0,0,0.00918,0,0,0,0
ESTE,0,0,0,0.0109,0,0,0,0
DYN,0,0,0,0.00916,0,0,0,0
AFCG,0,0,0,0.00752,0,0,0,0
CPS,0,0,0,0.00919,0,0,0,0
AMAL,0,0,0,0.00935,0,0,0,0
RRBI,0,0,0,0.00901,0,0,0,0
FSBW,0,0,0,0.00904,0,0,0,0
CBAY,0,0,0,0.00856,0,0,0,0
DENN,0,0,0,0.03761,0,0,0,0
IMUX,0,0,0,0.00879,0,0,0,0
CTOS,0,0,0,0.01369,0,0,0,0
AOUT,0,0,0,0.0093,0,0,0,0
NEOG,0,0,0,0.14239,0,0,0,0
FTSI,0,0,0,0.00888,0,0,0,0
JNCE,0,0,0,0.00923,0,0,0,0
VKTX,0,0,0,0.00866,0,0,0,0
HOFT,0,0,0,0.00934,0,0,0,0
ZEUS,0,0,0,0.00902,0,0,0,0
JBSS,0,0,0,0.02671,0,0,0,0
KRON,0,0,0,0.01008,0,0,0,0
FOR,0,0,0,0.01217,0,0,0,0
PTSI,0,0,0,0.01029,0,0,0,0
HFFG,0,0,0,0.00784,0,0,0,0
USLM,0,0,0,0.00948,0,0,0,0
ORIC,0,0,0,0.00987,0,0,0,0
ENV,0,0,0,0.13052,0,0,0,0
INST,0,0,0,0.01016,0,0,0,0
NAPA,0,0,0,0.02622,0,0,0,0
GAN,0,0,0,0.00951,0,0,0,0
LEGH,0,0,0,0.00837,0,0,0,0
GRTS,0,0,0,0.0081,0,0,0,0
DGICA,0,0,0,0.00796,0,0,0,0
CIA,0,0,0,0.00856,0,0,0,0
HBT,0,0,0,0.00679,0,0,0,0
FF,0,0,0,0.00746,0,0,0,0
ABUS,0,0,0,0.00916,0,0,0,0
YORW,0,0,0,0.02132,0,0,0,0
KNTE,0,0,0,0.00869,0,0,0,0
EAF,0,0,0,0.07128,0,0,0,0
TK,0,0,0,0.00809,0,0,0,0
AMSC,0,0,0,0.00798,0,0,0,0
ITIC,0,0,0,0.00957,0,0,0,0
PSTL,0,0,0,0.00796,0,0,0,0
CYTK,0,0,0,0.10437,0,0,0,0
FDBC,0,0,0,0.00795,0,0,0,0
COHU,0,0,0,0.05751,0,0,0,0
LBC,0,0,0,0.008,0,0,0,0
POWL,0,0,0,0.00806,0,0,0,0
FSBC,0,0,0,0.01218,0,0,0,0
VRA,0,0,0,0.00805,0,0,0,0
AOSL,0,0,0,0.04238,0,0,0,0
CBNK,0,0,0,0.00812,0,0,0,0
VLGEA,0,0,0,0.00713,0,0,0,0
NATR,0,0,0,0.00829,0,0,0,0
BBCP,0,0,0,0.00715,0,0,0,0
GLRE,0,0,0,0.0073,0,0,0,0
ALTG,0,0,0,0.00926,0,0,0,0
STER,0,0,0,0.01161,0,0,0,0
ACTG,0,0,0,0.0073,0,0,0,0
ANNX,0,0,0,0.00724,0,0,0,0
IDT,0,0,0,0.02865,0,0,0,0
SOVO,0,0,0,0.0128,0,0,0,0
IKNA,0,0,0,0.00728,0,0,0,0
CTXR,0,0,0,0.00708,0,0,0,0
EYPT,0,0,0,0.00725,0,0,0,0
SOI,0,0,0,0.00995,0,0,0,0
ALTM,0,0,0,0.0081,0,0,0,0
DDD,0,0,0,0.08261,0,0,0,0
WETF,0,0,0,0.02831,0,0,0,0
SCOR,0,0,0,0.00694,0,0,0,0
SPNE,0,0,0,0.01376,0,0,0,0
MCRI,0,0,0,0.03684,0,0,0,0
RXT,0,0,0,0.0245,0,0,0,0
SMSI,0,0,0,0.00694,0,0,0,0
YELP,0,0,0,0.09512,0,0,0,0
VOXX,0,0,0,0.00714,0,0,0,0
VATE,0,0,0,0.00688,0,0,0,0
LCTX,0,0,0,0.00692,0,0,0,0
MTRX,0,0,0,0.00678,0,0,0,0
NODK,0,0,0,0.00593,0,0,0,0
AKBA,0,0,0,0.0119,0,0,0,0
EWCZ,0,0,0,0.01126,0,0,0,0
FRGI,0,0,0,0.00658,0,0,0,0
SGC,0,0,0,0.00874,0,0,0,0
MHLD,0,0,0,0.00698,0,0,0,0
PTLO,0,0,0,0.02081,0,0,0,0
DAKT,0,0,0,0.00648,0,0,0,0
CECE,0,0,0,0.00654,0,0,0,0
CYH,0,0,0,0.05041,0,0,0,0
LMNR,0,0,0,0.00846,0,0,0,0
FHTX,0,0,0,0.00778,0,0,0,0
RCII,0,0,0,0.09854,0,0,0,0
MGPI,0,0,0,0.04156,0,0,0,0
ALG,0,0,0,0.05094,0,0,0,0
VERV,0,0,0,0.01593,0,0,0,0
IAS,0,0,0,0.01188,0,0,0,0
KNSA,0,0,0,0.01179,0,0,0,0
AHT,0,0,0,0.00614,0,0,0,0
NCMI,0,0,0,0.00719,0,0,0,0
BLBD,0,0,0,0.0124,0,0,0,0
JOUT,0,0,0,0.01584,0,0,0,0
PLPC,0,0,0,0.00664,0,0,0,0
ODC,0,0,0,0.00638,0,0,0,0
LCUT,0,0,0,0.00643,0,0,0,0
MDXG,0,0,0,0.02,0,0,0,0
CVGI,0,0,0,0.00966,0,0,0,0
SELB,0,0,0,0.0067,0,0,0,0
VOR,0,0,0,0.00664,0,0,0,0
COGT,0,0,0,0.00853,0,0,0,0
LFST,0,0,0,0.01634,0,0,0,0
FSR,0,0,0,0.07178,0,0,0,0
RLAY,0,0,0,0.05577,0,0,0,0
IEA,0,0,0,0.01031,0,0,0,0
MESA,0,0,0,0.0067,0,0,0,0
FIXX,0,0,0,0.00613,0,0,0,0
DSGN,0,0,0,0.01324,0,0,0,0
GTHX,0,0,0,0.01426,0,0,0,0
TBK,0,0,0,0.08405,0,0,0,0
NGVC,0,0,0,0.00664,0,0,0,0
QMCO,0,0,0,0.00609,0,0,0,0
DZSI,0,0,0,0.00997,0,0,0,0
RYI,0,0,0,0.0153,0,0,0,0
FLXS,0,0,0,0.00583,0,0,0,0
ECOM,0,0,0,0.01871,0,0,0,0
BSET,0,0,0,0.00602,0,0,0,0
CCB,0,0,0,0.01825,0,0,0,0
PBFS,0,0,0,0.00481,0,0,0,0
OOMA,0,0,0,0.0137,0,0,0,0
HRT,0,0,0,0.00876,0,0,0,0
DOCN,0,0,0,0.09913,0,0,0,0
HMHC,0,0,0,0.08679,0,0,0,0
UDMY,0,0,0,0.00688,0,0,0,0
ASLE,0,0,0,0.00533,0,0,0,0
LAW,0,0,0,0.01011,0,0,0,0
HRTG,0,0,0,0.00571,0,0,0,0
CRDA,0,0,0,0.00477,0,0,0,0
PKOH,0,0,0,0.00527,0,0,0,0
ARIS,0,0,0,0.00791,0,0,0,0
CRMD,0,0,0,0.00578,0,0,0,0
SCWX,0,0,0,0.00549,0,0,0,0
REPL,0,0,0,0.018,0,0,0,0
EGAN,0,0,0,0.00927,0,0,0,0
SNPO,0,0,0,0.01002,0,0,0,0
XBIT,0,0,0,0.00565,0,0,0,0
GTYH,0,0,0,0.00519,0,0,0,0
AMSWA,0,0,0,0.02428,0,0,0,0
COOK,0,0,0,0.00785,0,0,0,0
IRBT,0,0,0,0.05939,0,0,0,0
LNN,0,0,0,0.05374,0,0,0,0
UUUU,0,0,0,0.03596,0,0,0,0
PARR,0,0,0,0.02605,0,0,0,0
ONTF,0,0,0,0.01519,0,0,0,0
UMH,0,0,0,0.03627,0,0,0,0
ATOS,0,0,0,0.00558,0,0,0,0
NKTX,0,0,0,0.00504,0,0,0,0
HNST,0,0,0,0.01715,0,0,0,0
LOTZ,0,0,0,0.00521,0,0,0,0
MG,0,0,0,0.00505,0,0,0,0
ATEN,0,0,0,0.02921,0,0,0,0
AOMR,0,0,0,0.0059,0,0,0,0
EIGR,0,0,0,0.00524,0,0,0,0
PASG,0,0,0,0.0048,0,0,0,0
HIBB,0,0,0,0.02745,0,0,0,0
LAZY,0,0,0,0.00486,0,0,0,0
AKUS,0,0,0,0.00489,0,0,0,0
KVHI,0,0,0,0.00441,0,0,0,0
EMKR,0,0,0,0.00558,0,0,0,0
ATCX,0,0,0,0.00571,0,0,0,0
NNBR,0,0,0,0.00494,0,0,0,0
MILE,0,0,0,0.00478,0,0,0,0
CRNX,0,0,0,0.03328,0,0,0,0
ALBO,0,0,0,0.02054,0,0,0,0
CMRX,0,0,0,0.01557,0,0,0,0
SQZ,0,0,0,0.00472,0,0,0,0
FXLV,0,0,0,0.01196,0,0,0,0
CTT,0,0,0,0.01484,0,0,0,0
WEBR,0,0,0,0.00665,0,0,0,0
NUVB,0,0,0,0.0295,0,0,0,0
ADVM,0,0,0,0.00442,0,0,0,0
NSTG,0,0,0,0.05412,0,0,0,0
USX,0,0,0,0.00447,0,0,0,0
AGLE,0,0,0,0.00459,0,0,0,0
FREQ,0,0,0,0.00466,0,0,0,0
TWOU,0,0,0,0.02662,0,0,0,0
VMD,0,0,0,0.00554,0,0,0,0
TIG,0,0,0,0.00472,0,0,0,0
FGEN,0,0,0,0.04753,0,0,0,0
SURF,0,0,0,0.00426,0,0,0,0
AKRO,0,0,0,0.01726,0,0,0,0
NLS,0,0,0,0.00591,0,0,0,0
ASXC,0,0,0,0.00597,0,0,0,0
DRIO,0,0,0,0.004,0,0,0,0
PSTX,0,0,0,0.00427,0,0,0,0
CRDF,0,0,0,0.0041,0,0,0,0
VHC,0,0,0,0.00442,0,0,0,0
LXRX,0,0,0,0.00709,0,0,0,0
ESCA,0,0,0,0.00509,0,0,0,0
XOMA,0,0,0,0.0046,0,0,0,0
ICVX,0,0,0,0.00859,0,0,0,0
VERU,0,0,0,0.01377,0,0,0,0
CRAI,0,0,0,0.0239,0,0,0,0
SKIN,0,0,0,0.04327,0,0,0,0
IMGO,0,0,0,0.00806,0,0,0,0
OYST,0,0,0,0.00399,0,0,0,0
ERAS,0,0,0,0.00898,0,0,0,0
DICE,0,0,0,0.00873,0,0,0,0
MEC,0,0,0,0.00357,0,0,0,0
BH,0,0,0,0.00357,0,0,0,0
BVS,0,0,0,0.01275,0,0,0,0
DNUT,0,0,0,0.01138,0,0,0,0
RETA,0,0,0,0.02704,0,0,0,0
TAST,0,0,0,0.00353,0,0,0,0
HMTV,0,0,0,0.00339,0,0,0,0
VEL,0,0,0,0.0041,0,0,0,0
GIC,0,0,0,0.01418,0,0,0,0
HPK,0,0,0,0.00368,0,0,0,0
CRMT,0,0,0,0.02113,0,0,0,0
AGYS,0,0,0,0.02969,0,0,0,0
INZY,0,0,0,0.00356,0,0,0,0
INDT,0,0,0,0.01466,0,0,0,0
JANX,0,0,0,0.0079,0,0,0,0
WLFC,0,0,0,0.00404,0,0,0,0
XMTR,0,0,0,0.01355,0,0,0,0
SFT,0,0,0,0.0042,0,0,0,0
CURV,0,0,0,0.00429,0,0,0,0
EEX,0,0,0,0.00325,0,0,0,0
VERA,0,0,0,0.00741,0,0,0,0
SRT,0,0,0,0.00316,0,0,0,0
CRBU,0,0,0,0.00747,0,0,0,0
CDRE,0,0,0,0.00382,0,0,0,0
XPOF,0,0,0,0.00702,0,0,0,0
SNSE,0,0,0,0.00323,0,0,0,0
MRSN,0,0,0,0.01048,0,0,0,0
SRNE,0,0,0,0.03177,0,0,0,0
BDTX,0,0,0,0.0032,0,0,0,0
VIRX,0,0,0,0.00396,0,0,0,0
KMPH,0,0,0,0.00615,0,0,0,0
AC,0,0,0,0.00236,0,0,0,0
IMVT,0,0,0,0.00825,0,0,0,0
TCRR,0,0,0,0.00309,0,0,0,0
ONCT,0,0,0,0.00314,0,0,0,0
AORT,0,0,0,0.02553,0,0,0,0
GRPN,0,0,0,0.02116,0,0,0,0
TTI,0,0,0,0.01286,0,0,0,0
TNXP,0,0,0,0.00286,0,0,0,0
SBTX,0,0,0,0.00298,0,0,0,0
FA,0,0,0,0.03425,0,0,0,0
PETS,0,0,0,0.01962,0,0,0,0
UIHC,0,0,0,0.00311,0,0,0,0
ENFN,0,0,0,0.0122,0,0,0,0
ESMT,0,0,0,0.01278,0,0,0,0
NUVL,0,0,0,0.00717,0,0,0,0
GSAT,0,0,0,0.02303,0,0,0,0
TNYA,0,0,0,0.00679,0,0,0,0
RGR,0,0,0,0.04358,0,0,0,0
MODN,0,0,0,0.03375,0,0,0,0
CURI,0,0,0,0.00345,0,0,0,0
GLUE,0,0,0,0.00593,0,0,0,0
FOA,0,0,0,0.00323,0,0,0,0
CDMO,0,0,0,0.04445,0,0,0,0
SRRK,0,0,0,0.01762,0,0,0,0
STON,0,0,0,0.00321,0,0,0,0
IBIO,0,0,0,0.00277,0,0,0,0
BOLT,0,0,0,0.00264,0,0,0,0
IVC,0,0,0,0.00266,0,0,0,0
SGMO,0,0,0,0.02541,0,0,0,0
REV,0,0,0,0.00277,0,0,0,0
NLTX,0,0,0,0.00357,0,0,0,0
BKE,0,0,0,0.04209,0,0,0,0
WLDN,0,0,0,0.01285,0,0,0,0
CSTL,0,0,0,0.03176,0,0,0,0
DAWN,0,0,0,0.00569,0,0,0,0
BNFT,0,0,0,0.00947,0,0,0,0
LYEL,0,0,0,0.00533,0,0,0,0
TEN,0,0,0,0.02697,0,0,0,0
TG,0,0,0,0.01143,0,0,0,0
FNCH,0,0,0,0.00249,0,0,0,0
HBB,0,0,0,0.004,0,0,0,0
FLNT,0,0,0,0.00233,0,0,0,0
MBIO,0,0,0,0.00233,0,0,0,0
TCBX,0,0,0,0.00166,0,0,0,0
BJRI,0,0,0,0.02965,0,0,0,0
REPX,0,0,0,0.00217,0,0,0,0
INTA,0,0,0,0.00823,0,0,0,0
VHI,0,0,0,0.0024,0,0,0,0
HEAR,0,0,0,0.01238,0,0,0,0
OLMA,0,0,0,0.00425,0,0,0,0
MLNK,0,0,0,0.00838,0,0,0,0
FWRG,0,0,0,0.0046,0,0,0,0
HOFV,0,0,0,0.00228,0,0,0,0
GRPH,0,0,0,0.00549,0,0,0,0
BHG,0,0,0,0.00782,0,0,0,0
ADGI,0,0,0,0.00511,0,0,0,0
DS,0,0,0,0.00403,0,0,0,0
HOWL,0,0,0,0.00629,0,0,0,0
XGN,0,0,0,0.0035,0,0,0,0
WLLAW,0,0,0,0.00216,0,0,0,0
RVI,0,0,0,0.00244,0,0,0,0
AVRO,0,0,0,0.0021,0,0,0,0
LSEA,0,0,0,0.00278,0,0,0,0
ATEC,0,0,0,0.026,0,0,0,0
SLDB,0,0,0,0.0021,0,0,0,0
IPSC,0,0,0,0.00544,0,0,0,0
TRDA,0,0,0,0.00487,0,0,0,0
HLTH,0,0,0,0.00557,0,0,0,0
UHT,0,0,0,0.02828,0,0,0,0
VXRT,0,0,0,0.02163,0,0,0,0
NATH,0,0,0,0.00569,0,0,0,0
TYRA,0,0,0,0.00489,0,0,0,0
NL,0,0,0,0.00209,0,0,0,0
GCMG,0,0,0,0.01714,0,0,0,0
RMO,0,0,0,0.00981,0,0,0,0
TALS,0,0,0,0.00574,0,0,0,0
CSSE,0,0,0,0.00255,0,0,0,0
AQB,0,0,0,0.00296,0,0,0,0
XL,0,0,0,0.00219,0,0,0,0
TRVN,0,0,0,0.00297,0,0,0,0
ONCR,0,0,0,0.00198,0,0,0,0
REKR,0,0,0,0.0055,0,0,0,0
SCVL,0,0,0,0.02104,0,0,0,0
THRX,0,0,0,0.00433,0,0,0,0
ESGC,0,0,0,0.00182,0,0,0,0
BASE,0,0,0,0.00754,0,0,0,0
OB,0,0,0,0.00362,0,0,0,0
MGNX,0,0,0,0.02296,0,0,0,0
THRY,0,0,0,0.00842,0,0,0,0
TBPH,0,0,0,0.02158,0,0,0,0
DTC,0,0,0,0.00377,0,0,0,0
DCPH,0,0,0,0.01184,0,0,0,0
TKNO,0,0,0,0.00396,0,0,0,0
CTKB,0,0,0,0.00842,0,0,0,0
ABSI,0,0,0,0.00432,0,0,0,0
ETNB,0,0,0,0.00157,0,0,0,0
SYRS,0,0,0,0.00312,0,0,0,0
TLMD,0,0,0,0.00662,0,0,0,0
VTYX,0,0,0,0.0037,0,0,0,0
EVCM,0,0,0,0.00698,0,0,0,0
NBEV,0,0,0,0.00367,0,0,0,0
BCEL,0,0,0,0.00154,0,0,0,0
NRIX,0,0,0,0.01867,0,0,0,0
PLM,0,0,0,0.00275,0,0,0,0
CDZI,0,0,0,0.00187,0,0,0,0
VTGN,0,0,0,0.01011,0,0,0,0
OMGA,0,0,0,0.0032,0,0,0,0
CTMX,0,0,0,0.01011,0,0,0,0
RLYB,0,0,0,0.0035,0,0,0,0
LTRPA,0,0,0,0.00609,0,0,0,0
AVTE,0,0,0,0.00328,0,0,0,0
AVDX,0,0,0,0.00991,0,0,0,0
BFS,0,0,0,0.02061,0,0,0,0
XLO,0,0,0,0.00299,0,0,0,0
FLMN,0,0,0,0.00863,0,0,0,0
MIRM,0,0,0,0.00315,0,0,0,0
CRIS,0,0,0,0.01068,0,0,0,0
AURA,0,0,0,0.00261,0,0,0,0
DNAY,0,0,0,0.00278,0,0,0,0
INVE,0,0,0,0.01649,0,0,0,0
VBIV,0,0,0,0.00995,0,0,0,0
RENT,0,0,0,0.00405,0,0,0,0
RAIN,0,0,0,0.0034,0,0,0,0
HBIO,0,0,0,0.00767,0,0,0,0
URGN,0,0,0,0.00444,0,0,0,0
PRTG,0,0,0,0.00114,0,0,0,0
IMRX,0,0,0,0.00259,0,0,0,0
TARS,0,0,0,0.0051,0,0,0,0
OMIC,0,0,0,0.00327,0,0,0,0
AMOT,0,0,0,0.01536,0,0,0,0
AIRS,0,0,0,0.00162,0,0,0,0
HCKT,0,0,0,0.01832,0,0,0,0
TLIS,0,0,0,0.00112,0,0,0,0
ALKT,0,0,0,0.01581,0,0,0,0
ATNX,0,0,0,0.0026,0,0,0,0
SGHT,0,0,0,0.00666,0,0,0,0
COCO,0,0,0,0.00391,0,0,0,0
CLPR,0,0,0,0.00441,0,0,0,0
SANA,0,0,0,0.01998,0,0,0,0
GMTX,0,0,0,0.00133,0,0,0,0
PYXS,0,0,0,0.00219,0,0,0,0
PCYO,0,0,0,0.00866,0,0,0,0
HMPT,0,0,0,0.00118,0,0,0,0
TISI,0,0,0,0.00102,0,0,0,0
AKA,0,0,0,0.00208,0,0,0,0
AIP,0,0,0,0.00252,0,0,0,0
WLLBW,0,0,0,0.001,0,0,0,0
ULH,0,0,0,0.00512,0,0,0,0
ISO,0,0,0,0.00023,0,0,0,0
TSHA,0,0,0,0.00545,0,0,0,0
PRCT,0,0,0,0.00547,0,0,0,0
PGEN,0,0,0,0.00735,0,0,0,0
OCX,0,0,0,0.00319,0,0,0,0
ATHX,0,0,0,0.00655,0,0,0,0
CIX,0,0,0,0.00151,0,0,0,0
KLTR,0,0,0,0.00202,0,0,0,0
ELYM,0,0,0,0.00234,0,0,0,0
STTK,0,0,0,0.00488,0,0,0,0
GATO,0,0,0,0.00556,0,0,0,0
TH,0,0,0,0.00289,0,0,0,0
UAVS,0,0,0,0.00244,0,0,0,0
MAX,0,0,0,0.00956,0,0,0,0
CLNN,0,0,0,0.0022,0,0,0,0
PLRX,0,0,0,0.00882,0,0,0,0
SIEN,0,0,0,0.00615,0,0,0,0
ABOS,0,0,0,0.00213,0,0,0,0
CNVY,0,0,0,0.00293,0,0,0,0
RPID,0,0,0,0.00216,0,0,0,0
LVLU,0,0,0,0.00035,0,0,0,0
RELY,0,0,0,0.00465,0,0,0,0
FNA,0,0,0,0.0039,0,0,0,0
CYT,0,0,0,0.00188,0,0,0,0
SDIG,0,0,0,0.00274,0,0,0,0
SGTX,0,0,0,0.00084,0,0,0,0
ZVIA,0,0,0,0.00367,0,0,0,0
HOOK,0,0,0,0.0018,0,0,0,0
SPRB,0,0,0,0.0007,0,0,0,0
CVM,0,0,0,0.00718,0,0,0,0
URG,0,0,0,0.00804,0,0,0,0
SPRO,0,0,0,0.00849,0,0,0,0
BEEM,0,0,0,0.00449,0,0,0,0
NEXI,0,0,0,0.00166,0,0,0,0
GBIO,0,0,0,0.00781,0,0,0,0
RXST,0,0,0,0.00427,0,0,0,0
ARDX,0,0,0,0.00228,0,0,0,0
HQI,0,0,0,0.00369,0,0,0,0
SKYT,0,0,0,0.00307,0,0,0,0
TERN,0,0,0,0.00197,0,0,0,0
DIBS,0,0,0,0.00261,0,0,0,0
KODK,0,0,0,0.00794,0,0,0,0
VALU,0,0,0,0.00252,0,0,0,0
IMPL,0,0,0,0.00155,0,0,0,0
KALA,0,0,0,0.00131,0,0,0,0
THRN,0,0,0,0,0,0,0,0
FORA,0,0,0,0.0051,0,0,0,0
WEAV,0,0,0,0,0,0,0,0
ADN,0,0,0,0.00194,0,0,0,0
RPHM,0,0,0,0.00123,0,0,0,0
APLT,0,0,0,0.00148,0,0,0,0
LUCD,0,0,0,0,0,0,0,0
CVRX,0,0,0,0.00245,0,0,0,0
NVEC,0,0,0,0.01053,0,0,0,0
LSF,0,0,0,0.00143,0,0,0,0
INFI,0,0,0,0.00362,0,0,0,0
NH,0,0,0,0.00083,0,0,0,0
BTX,0,0,0,0.00247,0,0,0,0
STIM,0,0,0,0.00276,0,0,0,0
DMS,0,0,0,0.00046,0,0,0,0
RGS,0,0,0,0.00281,0,0,0,0
ADRO,0,0,0,0.00137,0,0,0,0
MGTA,0,0,0,0.0034,0,0,0,0
AVTX,0,0,0,0.00165,0,0,0,0
VIA,0,0,0,0.00542,0,0,0,0
PDLI,0,0,0,0.00004,0,0,0,0
BX,2.23777,1.84095,0,0,0,0,0,0
UBER,0,0,0,0,0,0,1.05939,0
MRVL,0,0.76315,0,0,0,0.58706,0,0
SNOW,0,0.70709,0,0,0,0.57955,0,0
SQ,0,0,0,0,0,0,0,0
PANW,0,0.80737,0,0,0,0.48856,0,0
TEAM,0,0,0,0,0,0.44219,0,0
WDAY,0,0,0,0,0,0.4335,0,0
DDOG,0,0.63837,0,0,0,0.43054,0,0
LULU,0.90606,0,0,0,0,0,0.66672,0
TTD,0,0,0,0,0,0,0.64108,0
KKR,0,0.49783,0,0,0,0,0,0
CRWD,0,0.486,0,0,0,0.34652,0,0
VEEV,0,0,0,0,0,0,0,0
ZM,0,0,0,0,0,0.29406,0,0
LNG,0,0.44673,0,0,0,0,0,0
KDP,0,0,0,0,0,0,0,0
TWLO,0,0,0,0,0,0.28068,0,0
CSGP,0,0,0,0,0,0,0,0
MDB,0,0.31821,0,0,0,0.26375,0,0
NET,0,0.61968,0,0,0,0.26363,0,0
APO,0,0.27154,0,0,0,0,0,0
INVH,0,0,0,0,0,0,0,0
HUBS,0,0.37071,0,0,0,0.23837,0,0
YUMC,0,0,0,0,0,0,0.4247,0
DOCU,0,0,0,0,0,0.22636,0,0
SUI,0,0,0,0,0,0,0,0
LBRDK,0,0,0,0,0,0,0,0
OKTA,0,0,0,0,0,0.22088,0,0
SPOT,0,0,0,0,0,0,0.39411,0
BILL,0,0.45654,0,0,0,0,0,0
AVTR,0,0.20167,0,0,0,0,0,0
HZNP,0,0.17683,0,0,0,0,0,0
ZS,0,0.3123,0,0,0,0.21436,0,0
SPLK,0,0,0,0,0,0.19718,0,0
TRU,0,0,0,0,0,0,0,0
PLTR,0,0.2494,0,0,0,0.1947,0,0
MOH,0,0,0,0,0,0,0,0
ACGL,0,0,0,0,0,0,0,0
ALNY,0,0,0,0,0,0,0,0
VICI,0.11753,0,0,0,0,0,0,0
ENTG,0,0.20343,0,0,0,0.18616,0,0
MKL,0,0,0,0,0,0,0,0
SGEN,0,0,0,0,0,0,0,0
CPT,0,0.22349,0,0,0,0,0,0
NUAN,0,0,0,0,0,0.16781,0,0
PODD,0,0,0,0,0,0,0,0
BMRN,0,0,0,0,0,0,0,0
AA,0,0,0,0,0,0,0,0
CCK,0,0,0,0,0,0,0,0
U,0,0.0726,0,0,0,0.15884,0,0
BURL,0,0,0,0,0,0,0.27665,0
LPLA,0,0,0,0,0,0,0,0
TRGP,0,0,0,0,0,0,0,0
GDDY,0,0,0,0,0,0.14989,0,0
DASH,0,0.12979,0,0,0,0.15004,0,0
WPC,0,0,0,0,0,0,0,0
BG,0,0.12284,0,0,0,0,0,0
ZEN,0,0,0,0,0,0.14621,0,0
BLDR,0,0,0,0,0,0,0,0
PINS,0,0,0,0,0,0.14276,0,0
FICO,0.11591,0,0,0,0,0,0,0
ROKU,0,0,0,0,0,0,0,0
FNF,0.27093,0,0,0,0,0,0,0
RPRX,0,0,0,0,0,0,0,0
ELS,0,0,0,0,0,0,0,0
EXAS,0,0,0,0,0,0,0,0
EWBC,0,0,0,0,0,0,0,0
FWONK,0,0,0,0,0,0,0.23679,0
JLL,0,0,0,0,0,0,0,0
LYFT,0,0,0,0,0,0,0.22657,0
GGG,0,0,0,0,0,0,0,0
CSL,0,0,0,0,0,0,0,0
RNG,0,0,0,0,0,0.12765,0,0
MPW,0,0,0,0,0,0,0,0
ELAN,0,0,0,0,0,0,0,0
RS,0,0,0,0,0,0,0,0
PLUG,0,0.11352,0,0,0,0,0,0
QGEN,0,0,0,0,0,0,0,0
CGNX,0,0,0,0,0,0,0,0
CONE,0,0,0,0,0,0,0,0
WOLF,0,0,0,0,0,0.11846,0,0
ARES,0,0,0,0,0,0,0,0
RPM,0,0,0,0,0,0,0,0
RRX,0,0,0,0,0,0,0,0
MTN,0,0,0,0,0,0,0.20149,0
AMH,0,0,0,0,0,0,0,0
DAR,0,0,0,0,0,0,0,0
WBS,0,0,0,0,0,0,0,0
REXR,0,0,0,0,0,0,0,0
WTRG,0,0,0,0,0,0,0,0
WSM,0,0,0,0,0,0,0.19653,0
CIEN,0,0,0,0,0,0,0,0
TTC,0,0,0,0,0,0,0,0
LSI,0,0,0,0,0,0,0,0
GLOB,0,0,0,0,0,0.112,0,0
Z,0,0,0,0,0,0,0,0
CUBE,0,0,0,0,0,0,0,0
CPRI,0,0,0,0,0,0,0.18989,0
DOX,0,0,0,0,0,0.10988,0,0
RGEN,0,0,0,0,0,0,0,0
FND,0,0,0,0,0,0,0.18959,0
GLPI,0,0,0,0,0,0,0,0
MIDD,0,0,0,0,0,0,0,0
ACM,0,0,0,0,0,0,0,0
FCNCA,0,0,0,0,0,0,0,0
LAMR,0,0,0,0,0,0,0,0
TDOC,0,0,0,0,0,0,0,0
TREX,0,0,0,0,0,0,0,0
SCI,0,0,0,0,0,0,0.1789,0
BAH,0,0,0,0,0,0,0,0
FHN,0,0,0,0,0,0,0,0
CVNA,0,0,0,0,0,0,0.18675,0
W,0,0,0,0,0,0,0.18403,0
AZPN,0,0,0,0,0,0.10155,0,0
HUBB,0,0,0,0,0,0,0,0
LAD,0,0,0,0,0,0,0.17785,0
RIVN,0,0,0,0,0,0,0.17874,0
WAL,0,0,0,0,0,0,0,0
FIVE,0,0,0,0,0,0,0.17222,0
HEIA,0,0,0,0,0,0,0,0
KSS,0,0,0,0,0,0,0.16338,0
AFG,0,0,0,0,0,0,0,0
UTHR,0,0,0,0,0,0,0,0
CLF,0,0,0,0,0,0,0,0
ARMK,0,0,0,0,0,0,0.16409,0
ZNGA,0,0,0,0,0,0,0.17178,0
JBL,0,0,0,0,0,0.09288,0,0
BKI,0,0,0,0,0,0.09064,0,0
COUP,0,0,0,0,0,0.09064,0,0
MAT,0,0,0,0,0,0,0.16424,0
USFD,0,0,0,0,0,0,0,0
SYNA,0,0,0,0.32182,0,0,0,0
IAC,0,0,0,0,0,0.08942,0,0
HUN,0,0,0,0,0,0,0,0
TW,0,0,0,0,0,0,0,0
WSO,0,0,0,0,0,0,0,0
KRC,0,0,0,0,0,0,0,0
AXON,0,0,0,0,0,0,0,0
LII,0,0,0,0,0,0,0,0
LSXMK,0,0,0,0,0,0,0.15444,0
BERY,0,0,0,0,0,0,0,0
MKSI,0,0,0,0,0,0,0,0
CNXC,0,0,0,0,0,0.08869,0,0
DT,0,0.12105,0,0,0,0.08748,0,0
NBIX,0,0,0,0,0,0,0,0
WH,0,0,0,0,0,0,0.15244,0
RGLD,0,0,0,0,0,0,0,0
LSCC,0,0,0,0.30855,0,0,0,0
SYNH,0,0,0,0,0,0,0,0
BFAM,0,0,0,0,0,0,0.14966,0
CFR,0,0,0,0,0,0,0,0
G,0,0,0,0,0,0,0,0
TTEK,0,0,0,0.30169,0,0,0,0
DECK,0,0,0,0,0,0,0.15426,0
PTON,0,0,0,0,0,0,0.15084,0
CABO,0,0,0,0,0,0,0,0
CHDN,0,0,0,0,0,0,0.15206,0
AVLR,0,0,0,0,0,0.0845,0,0
CBSH,0,0,0,0,0,0,0,0
AGCO,0,0,0,0,0,0,0,0
JEF,0,0,0,0,0,0,0,0
PLNT,0,0,0,0,0,0,0.14638,0
VOYA,0,0,0,0,0,0,0,0
MANH,0,0,0,0,0,0.08519,0,0
NVST,0,0,0,0,0,0,0,0
GXO,0,0,0,0,0,0,0,0
AIRC,0,0,0,0,0,0,0,0
GME,0,0,0,0,0,0,0.14812,0
NVCR,0,0,0,0,0,0,0,0
FIVN,0,0,0,0,0,0.08206,0,0
ITT,0,0,0,0,0,0,0,0
MASI,0,0,0,0,0,0,0,0
BRX,0,0,0,0,0,0,0,0
WSC,0,0,0,0.2943,0,0,0,0
ATR,0,0,0,0,0,0,0,0
RGA,0,0,0,0,0,0,0,0
LITE,0,0,0,0,0,0,0,0
PCTY,0,0,0,0,0,0,0,0
NNN,0,0,0,0,0,0,0,0
CG,0,0.10771,0,0,0,0,0,0
OSK,0,0,0,0,0,0,0,0
STOR,0,0,0,0,0,0,0,0
COLD,0,0,0,0,0,0,0,0
PNFP,0,0,0,0,0,0,0,0
ORI,0,0,0,0,0,0,0,0
FR,0,0,0,0,0,0,0,0
BLD,0,0,0,0,0,0,0,0
SF,0,0,0,0,0,0,0,0
SNV,0,0,0,0,0,0,0,0
GNTX,0,0,0,0,0,0,0.13793,0
PII,0,0,0,0,0,0,0.13518,0
BC,0,0,0,0,0,0,0,0
CHE,0,0,0,0,0,0,0,0
GWRE,0,0,0,0,0,0.07865,0,0
EGP,0,0,0,0.28311,0,0,0,0
OLN,0,0,0,0,0,0,0,0
WEX,0,0,0,0,0,0,0,0
SITE,0,0,0,0,0,0,0.13861,0
LECO,0,0,0,0,0,0,0,0
SAIA,0,0,0,0.26662,0,0,0,0
PEN,0,0,0,0,0,0,0,0
ACC,0,0,0,0,0,0,0,0
FSLR,0,0,0,0,0,0,0,0
WMS,0,0,0,0,0,0,0,0
WWD,0,0,0,0,0,0,0,0
FAF,0,0,0,0,0,0,0,0
OGE,0,0,0,0,0,0,0,0
RNR,0,0,0,0,0,0,0,0
NXST,0,0,0,0,0,0,0.12991,0
CASY,0,0,0,0,0,0,0,0
DBX,0,0,0,0,0,0.07276,0,0
PSTG,0,0,0,0,0,0.07365,0,0
BRKR,0,0,0,0,0,0,0,0
BPOP,0,0,0,0,0,0,0,0
PB,0,0,0,0,0,0,0,0
STWD,0,0,0,0,0,0,0,0
XPO,0,0,0,0,0,0,0,0
NOV,0,0,0,0,0,0,0,0
NYT,0,0,0,0,0,0,0.12966,0
RH,0,0,0,0,0,0,0.13372,0
TXG,0,0,0,0,0,0,0,0
VAC,0,0,0,0,0,0,0.1315,0
HTA,0,0,0,0,0,0,0,0
EEFT,0,0,0,0,0,0,0,0
EQT,0,0,0,0,0,0,0,0
TPX,0,0,0,0,0,0,0.12597,0
SMAR,0,0,0,0,0,0.07109,0,0
HOG,0,0,0,0,0,0,0.12231,0
DCI,0,0,0,0,0,0,0,0
SEIC,0.1677,0,0,0,0,0,0,0
AYI,0,0,0,0,0,0,0,0
OHI,0,0,0,0,0,0,0,0
VRT,0,0,0,0,0,0.06998,0,0
POST,0,0,0,0,0,0,0,0
DKS,0,0,0,0,0,0,0.1239,0
COHR,0,0,0,0,0,0,0,0
LPX,0,0,0,0,0,0,0,0
HEI,0,0,0,0,0,0,0,0
EHC,0,0,0,0,0,0,0,0
SKX,0,0,0,0,0,0,0.11949,0
PLAN,0,0,0,0,0,0.06712,0,0
TNDM,0,0,0,0,0,0,0,0
X,0,0,0,0,0,0,0,0
TXRH,0,0,0,0.23448,0,0,0,0
AZTA,0,0,0,0,0,0.06747,0,0
LFUS,0,0,0,0,0,0,0,0
MAN,0,0,0,0,0,0,0,0
OLED,0,0,0,0,0,0.06356,0,0
EXEL,0,0,0,0,0,0,0,0
MORN,0,0,0,0,0,0,0,0
SRPT,0,0,0,0,0,0,0,0
AXTA,0,0,0,0,0,0,0,0
SLM,0,0,0,0,0,0,0,0
UNM,0,0,0,0,0,0,0,0
TOL,0,0,0,0,0,0,0.1136,0
INGR,0,0,0,0,0,0,0,0
SLAB,0,0,0,0.22607,0,0,0,0
ESTC,0,0,0,0,0,0.06328,0,0
SLG,0,0,0,0,0,0,0,0
SGMS,0,0,0,0.22259,0,0,0,0
OMF,0,0,0,0,0,0,0,0
VVV,0,0,0,0,0,0,0,0
TPL,0,0,0,0,0,0,0,0
CUZ,0,0,0,0,0,0,0,0
CACI,0,0,0,0,0,0.0632,0,0
LSTR,0,0,0,0,0,0,0,0
UPST,0,0.0681,0,0,0,0,0,0
SON,0,0,0,0,0,0,0,0
AMG,0,0,0,0,0,0,0,0
NTLA,0,0,0,0.22667,0,0,0,0
IBKR,0,0,0,0,0,0,0,0
JHG,0,0,0,0,0,0,0,0
INSP,0,0,0,0.2202,0,0,0,0
OZK,0,0,0,0,0,0,0,0
SRC,0,0,0,0,0,0,0,0
NVT,0,0,0,0,0,0,0,0
GH,0,0,0,0,0,0,0,0
CCMP,0,0,0,0.19762,0,0,0,0
SMG,0,0,0,0,0,0,0,0
CW,0,0,0,0,0,0,0,0
EXP,0,0,0,0,0,0,0,0
HFC,0,0,0,0,0,0,0,0
GPK,0,0,0,0,0,0,0,0
SCCO,0,0,0,0,0,0,0,0
OMCL,0,0,0,0.20663,0,0,0,0
RYN,0,0,0,0,0,0,0,0
HBI,0,0,0,0,0,0,0.09951,0
BYD,0,0,0,0,0,0,0.10555,0
DEI,0,0,0,0,0,0,0,0
MDU,0,0,0,0,0,0,0,0
SPR,0,0,0,0,0,0,0,0
SIRI,0,0,0,0,0,0,0.10047,0
PACW,0,0,0,0,0,0,0,0
PRI,0,0,0,0,0,0,0,0
IDA,0,0,0,0,0,0,0,0
ASH,0,0,0,0,0,0,0,0
CDK,0,0,0,0,0,0.05322,0,0
TDC,0,0,0,0,0,0.05549,0,0
NCR,0,0,0,0,0,0.05733,0,0
POWI,0,0,0,0.20432,0,0,0,0
WTFC,0,0,0,0,0,0,0,0
LEG,0,0,0,0,0,0,0.09635,0
ESI,0,0,0,0,0,0,0,0
SRCL,0,0,0,0,0,0,0,0
NATI,0,0,0,0,0,0.05639,0,0
NTNX,0,0,0,0,0,0.05625,0,0
TMX,0,0,0,0,0,0,0.09682,0
NTRA,0,0,0,0,0,0,0,0
MTG,0,0,0,0,0,0,0,0
DKNG,0,0,0,0,0,0,0.10049,0
CHH,0,0,0,0,0,0,0.09474,0
MTZ,0,0,0,0,0,0,0,0
PRGO,0,0,0,0,0,0,0,0
FOXF,0,0,0,0.19211,0,0,0,0
CHNG,0,0,0,0,0,0.05371,0,0
SSD,0,0,0,0.19099,0,0,0,0
FLO,0,0,0,0,0,0,0,0
MSA,0,0,0,0,0,0,0,0
UNVR,0,0,0,0,0,0,0,0
CFX,0,0,0,0,0,0,0,0
NFG,0,0,0,0,0,0,0,0
BSY,0.03981,0,0,0,0,0.05519,0,0
NYCB,0,0,0,0,0,0,0,0
THO,0,0,0,0,0,0,0.09203,0
CC,0,0,0,0,0,0,0,0
GMED,0,0,0,0,0,0,0,0
THG,0,0,0,0,0,0,0,0
SAIC,0,0,0,0,0,0.05091,0,0
SWAV,0,0,0,0.18657,0,0,0,0
CRUS,0,0,0,0,0,0.0515,0,0
DLB,0,0,0,0,0,0.0516,0,0
AN,0,0,0,0,0,0,0.08603,0
HELE,0,0,0,0.1843,0,0,0,0
YETI,0,0,0,0,0,0,0.09787,0
TNL,0,0,0,0,0,0,0.09541,0
CR,0,0,0,0,0,0,0,0
CLH,0,0,0,0,0,0,0,0
RPD,0,0,0,0.19283,0,0,0,0
IAA,0,0,0,0,0,0,0.09048,0
HXL,0,0,0,0,0,0,0,0
AMN,0,0,0,0.18547,0,0,0,0
JBLU,0,0,0,0,0,0,0.09233,0
AL,0,0,0,0,0,0,0,0
EVR,0,0,0,0,0,0,0,0
AQUA,0,0,0,0.18709,0,0,0,0
VG,0,0,0,0.18276,0,0,0,0
OPEN,0,0,0,0,0,0,0,0
ERIE,0.10183,0,0,0,0,0,0,0
UMPQ,0,0,0,0,0,0,0,0
DTM,0,0,0,0,0,0,0,0
IART,0,0,0,0,0,0,0,0
MMS,0,0,0,0.17665,0,0,0,0
H,0,0,0,0,0,0,0.09427,0
ATKR,0,0,0,0.18248,0,0,0,0
MTDR,0,0,0,0.18581,0,0,0,0
LSXMA,0,0,0,0,0,0,0.08981,0
AMBA,0,0,0,0.17898,0,0,0,0
SWN,0,0,0,0.17813,0,0,0,0
AMED,0,0,0,0,0,0,0,0
CACC,0,0,0,0,0,0,0,0
HLF,0,0,0,0,0,0,0,0
FCN,0,0,0,0,0,0,0,0
MUSA,0,0,0,0.16633,0,0,0,0
ZD,0,0,0,0.17397,0,0,0,0
HRB,0,0,0,0,0,0,0.08274,0
ACHC,0,0,0,0,0,0,0,0
ACI,0,0,0,0,0,0,0,0
CROX,0,0,0,0.17353,0,0,0,0
WIX,0,0,0,0,0,0.04902,0,0
HGV,0,0,0,0.1662,0,0,0,0
MIME,0,0,0,0.18066,0,0,0,0
VSCO,0,0,0,0,0,0,0.08302,0
BEPC,0,0,0,0,0,0,0,0
ARWR,0,0,0,0.16856,0,0,0,0
VMI,0,0,0,0,0,0,0,0
HE,0,0,0,0,0,0,0,0
NRZ,0,0,0,0,0,0,0,0
NOVT,0,0,0,0.1753,0,0,0,0
NSA,0,0,0,0.17667,0,0,0,0
EXPO,0,0,0,0.172,0,0,0,0
KNSL,0,0,0,0.16442,0,0,0,0
PINC,0,0,0,0,0,0,0,0
FNB,0,0,0,0,0,0,0,0
HALO,0,0,0,0.16952,0,0,0,0
BHF,0,0,0,0,0,0,0,0
HIW,0,0,0,0,0,0,0,0
CBT,0,0,0,0.15647,0,0,0,0
SMTC,0,0,0,0.16981,0,0,0,0
WING,0,0,0,0.16846,0,0,0,0
PK,0,0,0,0,0,0,0,0
VNT,0,0,0,0,0,0,0,0
WK,0,0,0,0.16796,0,0,0,0
AWI,0,0,0,0,0,0,0,0
SNX,0,0,0,0,0,0.04646,0,0
SPSC,0,0,0,0.1695,0,0,0,0
MXL,0,0,0,0.16143,0,0,0,0
FLS,0,0,0,0,0,0,0,0
TKR,0,0,0,0,0,0,0,0
JBT,0,0,0,0.15457,0,0,0,0
RUN,0,0,0,0,0,0,0,0
IONS,0,0,0,0,0,0,0,0
BCPC,0,0,0,0.16749,0,0,0,0
HQY,0,0,0,0.16031,0,0,0,0
ICUI,0,0,0,0,0,0,0,0
RARE,0,0,0,0,0,0,0,0
AVT,0,0,0,0,0,0.04371,0,0
BWXT,0,0,0,0,0,0,0,0
ABG,0,0,0,0.16244,0,0,0,0
AXS,0,0,0,0,0,0,0,0
ALSN,0,0,0,0,0,0,0,0
ENSG,0,0,0,0.15668,0,0,0,0
CNMD,0,0,0,0.15268,0,0,0,0
WEN,0,0,0,0,0,0,0.07616,0
TENB,0,0,0,0.15788,0,0,0,0
VRNS,0,0,0,0.15869,0,0,0,0
ITCI,0,0,0,0.16802,0,0,0,0
MNDT,0,0,0,0,0,0.04386,0,0
ALKS,0,0,0,0.15168,0,0,0,0
SPB,0,0,0,0,0,0,0,0
CHGG,0,0,0,0,0,0,0.07608,0
MEDP,0,0,0,0.15506,0,0,0,0
APPS,0,0,0,0.1591,0,0,0,0
ACIW,0,0,0,0.14668,0,0,0,0
KEX,0,0,0,0,0,0,0,0
HPP,0,0,0,0,0,0,0,0
AGO,0,0,0,0,0,0,0,0
R,0,0,0,0,0,0,0,0
FHB,0,0,0,0,0,0,0,0
LHCG,0,0,0,0.14382,0,0,0,0
HHC,0,0,0,0,0,0,0,0
FL,0,0,0,0,0,0,0.07126,0
QLYS,0,0,0,0.14746,0,0,0,0
QS,0,0,0,0,0,0,0.0721,0
PCOR,0,0,0,0,0,0.04057,0,0
PZZA,0,0,0,0.1421,0,0,0,0
EXLS,0,0,0,0.14013,0,0,0,0
CRI,0,0,0,0,0,0,0.06943,0
SKY,0,0,0,0.14613,0,0,0,0
FELE,0,0,0,0.14581,0,0,0,0
QDEL,0,0,0,0,0,0,0,0
SABR,0,0,0,0,0,0,0.06878,0
MRTX,0,0,0,0,0,0,0,0
MRVI,0,0,0,0,0,0,0,0
MSM,0,0,0,0,0,0,0,0
EPR,0,0,0,0,0,0,0,0
BL,0,0,0,0.14785,0,0,0,0
BOX,0,0,0,0.13261,0,0,0,0
AIT,0,0,0,0.14142,0,0,0,0
ZG,0,0,0,0,0,0,0,0
COLM,0,0,0,0,0,0,0.07111,0
LOPE,0,0,0,0,0,0,0.06349,0
SIX,0,0,0,0,0,0,0.06502,0
HRI,0,0,0,0.14203,0,0,0,0
LAZ,0,0,0,0,0,0,0,0
MSGS,0,0,0,0,0,0,0.06334,0
BOH,0,0,0,0,0,0,0,0
DEN,0,0,0,0.12742,0,0,0,0
SLGN,0,0,0,0,0,0,0,0
FRPT,0,0,0,0,0,0,0,0
SHOO,0,0,0,0.12749,0,0,0,0
AEIS,0,0,0,0.12199,0,0,0,0
VC,0,0,0,0.12503,0,0,0,0
KD,0,0,0,0,0,0.03732,0,0
QTWO,0,0,0,0.12835,0,0,0,0
BCO,0,0,0,0.12457,0,0,0,0
LBRDA,0,0,0,0,0,0,0,0
JBGS,0,0,0,0,0,0,0,0
SAM,0,0,0,0,0,0,0,0
PEGA,0,0,0,0,0,0.0359,0,0
ADS,0,0,0,0,0,0,0,0
CLR,0,0,0,0,0,0,0,0
MSTR,0,0,0,0.12556,0,0,0,0
TNET,0,0,0,0.13225,0,0,0,0
IRTC,0,0,0,0.12561,0,0,0,0
NEWR,0,0,0,0,0,0.03577,0,0
LTHM,0,0,0,0.13774,0,0,0,0
PAG,0,0,0,0,0,0,0.05804,0
WLK,0,0,0,0,0,0,0,0
WBT,0,0,0,0.11676,0,0,0,0
SAIL,0,0,0,0.13252,0,0,0,0
SONO,0,0,0,0.12111,0,0,0,0
XRX,0,0,0,0,0,0.03307,0,0
LCII,0,0,0,0.11459,0,0,0,0
CBRL,0,0,0,0.11756,0,0,0,0
AM,0,0,0,0,0,0,0,0
AGL,0,0,0,0,0,0,0,0
PRFT,0,0,0,0.12439,0,0,0,0
CWK,0,0,0,0.11829,0,0,0,0
NSP,0,0,0,0.12327,0,0,0,0
BEAM,0,0,0,0.12911,0,0,0,0
HAIN,0,0,0,0,0,0,0,0
ALRM,0,0,0,0.12255,0,0,0,0
AYX,0,0,0,0,0,0.03398,0,0
STAA,0,0,0,0.11857,0,0,0,0
VIRT,0,0,0,0,0,0,0,0
AEO,0,0,0,0.12152,0,0,0,0
SI,0,0,0,0.11844,0,0,0,0
KMPR,0,0,0,0,0,0,0,0
COTY,0,0,0,0,0,0,0.05873,0
AZEK,0,0,0,0,0,0,0,0
WTM,0,0,0,0,0,0,0,0
CHPT,0,0,0,0,0,0,0,0
RCM,0,0,0,0.11772,0,0,0,0
MRCY,0,0,0,0,0,0,0,0
FOCS,0,0,0,0.11608,0,0,0,0
DNB,0,0,0,0,0,0.03116,0,0
ARVN,0,0,0,0.12261,0,0,0,0
SITM,0,0,0,0.11137,0,0,0,0
MP,0,0,0,0.1181,0,0,0,0
BLKB,0,0,0,0.1124,0,0,0,0
CARG,0,0,0,0.12306,0,0,0,0
FIX,0,0,0,0.11745,0,0,0,0
CVLT,0,0,0,0.10794,0,0,0,0
APLS,0,0,0,0.11511,0,0,0,0
BOKF,0,0,0,0,0,0,0,0
FTDR,0,0,0,0,0,0,0.05603,0
KLIC,0,0,0,0.12123,0,0,0,0
BYND,0,0,0,0,0,0,0,0
EYE,0,0,0,0.1175,0,0,0,0
VCRA,0,0,0,0.10364,0,0,0,0
ACAD,0,0,0,0.1156,0,0,0,0
DNLI,0,0,0,0.11092,0,0,0,0
VSAT,0,0,0,0,0,0,0,0
PTCT,0,0,0,0.10172,0,0,0,0
GPS,0,0,0,0,0,0,0.05578,0
TRIP,0,0,0,0,0,0,0.0518,0
WDFC,0,0,0,0.11066,0,0,0,0
MTSI,0,0,0,0.10761,0,0,0,0
RRR,0,0,0,0.11217,0,0,0,0
SWCH,0,0,0,0,0,0.03044,0,0
THRM,0,0,0,0.11269,0,0,0,0
CPA,0,0,0,0,0,0,0.05535,0
MGY,0,0,0,0.11072,0,0,0,0
PCRX,0,0,0,0.10571,0,0,0,0
TRUP,0,0,0,0.11112,0,0,0,0
TEX,0,0,0,0.10677,0,0,0,0
UPWK,0,0,0,0.10823,0,0,0,0
ATRC,0,0,0,0.10392,0,0,0,0
NGVT,0,0,0,0.09893,0,0,0,0
LGIH,0,0,0,0.10004,0,0,0,0
BFA,0,0,0,0,0,0,0,0
IGT,0,0,0,0.1103,0,0,0,0
KWR,0,0,0,0.10491,0,0,0,0
CCOI,0,0,0,0.10156,0,0,0,0
NMRK,0,0,0,0.098,0,0,0,0
BMI,0,0,0,0.11076,0,0,0,0
FWRD,0,0,0,0.10013,0,0,0,0
NUVA,0,0,0,0.09911,0,0,0,0
CELH,0,0,0,0.10482,0,0,0,0
LESL,0,0,0,0,0,0,0.05182,0
HLNE,0,0,0,0.10125,0,0,0,0
INSM,0,0,0,0.10114,0,0,0,0
OLLI,0,0,0,0,0,0,0.05148,0
SEM,0,0,0,0.09693,0,0,0,0
ALTR,0,0,0,0.10334,0,0,0,0
DORM,0,0,0,0.09204,0,0,0,0
EVTC,0,0,0,0.09702,0,0,0,0
GFS,0,0,0,0,0,0.02774,0,0
SHAK,0,0,0,0.10158,0,0,0,0
WWE,0,0,0,0,0,0,0.04907,0
ATUS,0,0,0,0,0,0,0,0
PD,0,0,0,0.0981,0,0,0,0
FATE,0,0,0,0.10064,0,0,0,0
TWST,0,0,0,0.09416,0,0,0,0
NARI,0,0,0,0.09553,0,0,0,0
CERT,0,0,0,0,0,0,0,0
ENR,0,0,0,0.08826,0,0,0,0
KTB,0,0,0,0.09176,0,0,0,0
BE,0,0,0,0.09772,0,0,0,0
AGR,0,0,0,0,0,0,0,0
KRTX,0,0,0,0.09206,0,0,0,0
COKE,0,0,0,0.10176,0,0,0,0
JJSF,0,0,0,0.08861,0,0,0,0
FSS,0,0,0,0.08484,0,0,0,0
IBP,0,0,0,0.09483,0,0,0,0
QRTEA,0,0,0,0,0,0,0.04468,0
CORT,0,0,0,0.08089,0,0,0,0
VRRM,0,0,0,0.09068,0,0,0,0
ALGT,0,0,0,0.0989,0,0,0,0
PGNY,0,0,0,0.08941,0,0,0,0
NCNO,0,0,0,0,0,0.0255,0,0
JWN,0,0,0,0,0,0,0.04494,0
STNE,0,0,0,0,0,0,0,0
FOLD,0,0,0,0.08746,0,0,0,0
RDFN,0,0,0,0.08818,0,0,0,0
HLIO,0,0,0,0.09134,0,0,0,0
AAON,0,0,0,0.09151,0,0,0,0
SPT,0,0,0,0.08964,0,0,0,0
DOOR,0,0,0,0.08689,0,0,0,0
WHD,0,0,0,0.09906,0,0,0,0
GKOS,0,0,0,0.08608,0,0,0,0
NEU,0,0,0,0,0,0,0,0
NVRO,0,0,0,0.08426,0,0,0,0
GO,0,0,0,0,0,0,0,0
FOUR,0,0,0,0,0,0,0,0
MCFE,0,0,0,0,0,0.02239,0,0
IOVA,0,0,0,0,0,0,0,0
PSFE,0,0,0,0,0,0,0,0
WWW,0,0,0,0.07868,0,0,0,0
OI,0,0,0,0.0789,0,0,0,0
APAM,0,0,0,0.08693,0,0,0,0
APPN,0,0,0,0.08264,0,0,0,0
MED,0,0,0,0.07614,0,0,0,0
KAI,0,0,0,0.08561,0,0,0,0
BLMN,0,0,0,0.08076,0,0,0,0
SHC,0,0,0,0,0,0,0,0
UCTT,0,0,0,0.08103,0,0,0,0
BOOT,0,0,0,0.08748,0,0,0,0
SSTK,0,0,0,0.08005,0,0,0,0
ACLS,0,0,0,0.08474,0,0,0,0
NEO,0,0,0,0.08298,0,0,0,0
TSE,0,0,0,0.08228,0,0,0,0
EVRI,0,0,0,0.07269,0,0,0,0
APPF,0,0,0,0.08144,0,0,0,0
LOB,0,0,0,0.07755,0,0,0,0
TSP,0,0,0,0,0,0,0,0
KOS,0,0,0,0.07122,0,0,0,0
AXNX,0,0,0,0.08423,0,0,0,0
VICR,0,0,0,0.07571,0,0,0,0
FSLY,0,0,0,0,0,0.02111,0,0
GBT,0,0,0,0.07485,0,0,0,0
COMM,0,0,0,0,0,0,0,0
OM,0,0,0,0.07211,0,0,0,0
EAT,0,0,0,0.07319,0,0,0,0
PRGS,0,0,0,0.07296,0,0,0,0
MNTV,0,0,0,0.07816,0,0,0,0
AMEH,0,0,0,0.0773,0,0,0,0
NKLA,0,0,0,0.0676,0,0,0,0
OCDX,0,0,0,0.07724,0,0,0,0
SBH,0,0,0,0.0775,0,0,0,0
CAKE,0,0,0,0.0748,0,0,0,0
WGO,0,0,0,0.07725,0,0,0,0
CMP,0,0,0,0.07039,0,0,0,0
PLTK,0,0,0,0,0,0,0.03528,0
CDNA,0,0,0,0.07263,0,0,0,0
LPRO,0,0,0,0.07126,0,0,0,0
CNS,0,0,0,0.07578,0,0,0,0
INFN,0,0,0,0.06191,0,0,0,0
IPAR,0,0,0,0.06395,0,0,0,0
VMEO,0,0,0,0,0,0.01934,0,0
XNCR,0,0,0,0.06788,0,0,0,0
NKTR,0,0,0,0,0,0,0,0
SAGE,0,0,0,0,0,0,0,0
UI,0,0,0,0,0,0,0,0
CDLX,0,0,0,0.07031,0,0,0,0
KOD,0,0,0,0.06635,0,0,0,0
SGRY,0,0,0,0.06143,0,0,0,0
OSTK,0,0,0,0.06398,0,0,0,0
JAMF,0,0,0,0,0,0.0182,0,0
VIR,0,0,0,0.06831,0,0,0,0
SAVA,0,0,0,0.0653,0,0,0,0
ZNTL,0,0,0,0.06548,0,0,0,0
TTGT,0,0,0,0.0728,0,0,0,0
EVBG,0,0,0,0,0,0.01865,0,0
NG,0,0,0,0.06253,0,0,0,0
OSH,0,0,0,0,0,0,0,0
VRTS,0,0,0,0.06976,0,0,0,0
IRWD,0,0,0,0.05839,0,0,0,0
DCT,0,0,0,0,0,0.01683,0,0
ZUO,0,0,0,0.06156,0,0,0,0
FIGS,0,0,0,0,0,0,0.03092,0
CSWI,0,0,0,0.06382,0,0,0,0
PATK,0,0,0,0.05898,0,0,0,0
LPSN,0,0,0,0.06026,0,0,0,0
VCEL,0,0,0,0.06114,0,0,0,0
EXPI,0,0,0,0.0584,0,0,0,0
ADPT,0,0,0,0,0,0,0,0
SWTX,0,0,0,0.06083,0,0,0,0
SPCE,0,0,0,0,0,0,0,0
SHYF,0,0,0,0.05776,0,0,0,0
REYN,0,0,0,0,0,0,0,0
STEP,0,0,0,0.05275,0,0,0,0
RKT,0,0,0,0,0,0,0,0
JOE,0,0,0,0.05774,0,0,0,0
AMRC,0,0,0,0.06249,0,0,0,0
MCY,0,0,0,0,0,0,0,0
GTES,0,0,0,0,0,0,0,0
SNDR,0,0,0,0,0,0,0,0
OLPX,0,0,0,0,0,0,0,0
MGNI,0,0,0,0.05491,0,0,0,0
CRNC,0,0,0,0.05493,0,0,0,0
KYMR,0,0,0,0.05025,0,0,0,0
FWONA,0,0,0,0,0,0,0.02624,0
RIOT,0,0,0,0.05648,0,0,0,0
CNA,0,0,0,0,0,0,0,0
DRVN,0,0,0,0,0,0,0.02945,0
EGHT,0,0,0,0.05557,0,0,0,0
SLVM,0,0,0,0,0,0,0,0
DIN,0,0,0,0.04909,0,0,0,0
PRO,0,0,0,0.04635,0,0,0,0
TNC,0,0,0,0.05399,0,0,0,0
TTEC,0,0,0,0.05359,0,0,0,0
KFRC,0,0,0,0.05373,0,0,0,0
BSIG,0,0,0,0.05383,0,0,0,0
DV,0,0,0,0,0,0.01444,0,0
DVAX,0,0,0,0.05005,0,0,0,0
PHR,0,0,0,0.0515,0,0,0,0
CWH,0,0,0,0.05027,0,0,0,0
CYRX,0,0,0,0.05302,0,0,0,0
ALGM,0,0,0,0,0,0.01177,0,0
AVAV,0,0,0,0.05039,0,0,0,0
USPH,0,0,0,0.04736,0,0,0,0
MBUU,0,0,0,0.05328,0,0,0,0
EXTR,0,0,0,0.05677,0,0,0,0
TGTX,0,0,0,0.05164,0,0,0,0
SHLS,0,0,0,0,0,0,0,0
CRVL,0,0,0,0.05312,0,0,0,0
AI,0,0,0,0,0,0.01337,0,0
FROG,0,0,0,0.04709,0,0,0,0
HCAT,0,0,0,0.0536,0,0,0,0
USNA,0,0,0,0.04016,0,0,0,0
EVOP,0,0,0,0.04212,0,0,0,0
ELF,0,0,0,0.04801,0,0,0,0
KPTI,0,0,0,0.03857,0,0,0,0
TREE,0,0,0,0.04805,0,0,0,0
MCW,0,0,0,0,0,0,0.02302,0
STEM,0,0,0,0.04607,0,0,0,0
HSKA,0,0,0,0.04654,0,0,0,0
CNM,0,0,0,0,0,0,0,0
PI,0,0,0,0.04718,0,0,0,0
HEES,0,0,0,0.04654,0,0,0,0
PLMR,0,0,0,0.05143,0,0,0,0
SDGR,0,0,0,0.04399,0,0,0,0
BAND,0,0,0,0.0447,0,0,0,0
PAR,0,0,0,0.03907,0,0,0,0
ADT,0,0,0,0,0,0,0,0
CDXS,0,0,0,0.04153,0,0,0,0
AVYA,0,0,0,0.0432,0,0,0,0
BRP,0,0,0,0.04698,0,0,0,0
BIGC,0,0,0,0.04619,0,0,0,0
BALY,0,0,0,0.04291,0,0,0,0
SKLZ,0,0,0,0,0,0.01195,0,0
ONEM,0,0,0,0.04202,0,0,0,0
XPEL,0,0,0,0.04458,0,0,0,0
FUBO,0,0,0,0.04255,0,0,0,0
SFIX,0,0,0,0.03905,0,0,0,0
CMPR,0,0,0,0.04254,0,0,0,0
DOMO,0,0,0,0.0444,0,0,0,0
OEC,0,0,0,0.0413,0,0,0,0
FIZZ,0,0,0,0.03747,0,0,0,0
EDIT,0,0,0,0.03892,0,0,0,0
SILK,0,0,0,0.03974,0,0,0,0
HRMY,0,0,0,0.03368,0,0,0,0
LENB,0,0,0,0,0,0,0.02286,0
GPRO,0,0,0,0.04264,0,0,0,0
EPAC,0,0,0,0.0393,0,0,0,0
EB,0,0,0,0.04179,0,0,0,0
GDEN,0,0,0,0.03411,0,0,0,0
SGH,0,0,0,0.03703,0,0,0,0
SEB,0,0,0,0,0,0,0,0
WOOF,0,0,0,0,0,0,0.01944,0
PTGX,0,0,0,0.0419,0,0,0,0
LMND,0,0,0,0,0,0,0,0
ALEC,0,0,0,0.03602,0,0,0,0
SUMO,0,0,0,0.03864,0,0,0,0
TFSL,0,0,0,0,0,0,0,0
ARKO,0,0,0,0.03737,0,0,0,0
CNR,0,0,0,0.0462,0,0,0,0
PPC,0,0,0,0,0,0,0,0
SWBI,0,0,0,0.0306,0,0,0,0
MEG,0,0,0,0.04265,0,0,0,0
ATRI,0,0,0,0.03451,0,0,0,0
BFLY,0,0,0,0.02469,0,0,0,0
DBI,0,0,0,0.03162,0,0,0,0
CVAC,0,0,0,0,0,0,0,0
ONL,0,0,0,0,0,0,0,0
ROAD,0,0,0,0.02972,0,0,0,0
ACCD,0,0,0,0.03397,0,0,0,0
TWKS,0,0,0,0,0,0.00958,0,0
CERE,0,0,0,0.03636,0,0,0,0
BLNK,0,0,0,0.03247,0,0,0,0
UTZ,0,0,0,0.0325,0,0,0,0
MDGL,0,0,0,0.03707,0,0,0,0
AVID,0,0,0,0.04181,0,0,0,0
CAL,0,0,0,0.03064,0,0,0,0
RDNT,0,0,0,0.04105,0,0,0,0
FRTA,0,0,0,0.02516,0,0,0,0
MORF,0,0,0,0.03148,0,0,0,0
CEVA,0,0,0,0.03385,0,0,0,0
OPRX,0,0,0,0.02845,0,0,0,0
AMBP,0,0,0,0,0,0,0,0
BATRK,0,0,0,0.03528,0,0,0,0
CCCC,0,0,0,0.03096,0,0,0,0
RVNC,0,0,0,0.03427,0,0,0,0
AVXL,0,0,0,0.02917,0,0,0,0
GSKY,0,0,0,0,0,0,0,0
XENT,0,0,0,0.03401,0,0,0,0
GDYN,0,0,0,0.03184,0,0,0,0
BDSI,0,0,0,0.01957,0,0,0,0
LUNG,0,0,0,0.02596,0,0,0,0
KROS,0,0,0,0.03075,0,0,0,0
CCSI,0,0,0,0.03356,0,0,0,0
TELL,0,0,0,0.03352,0,0,0,0
CLFD,0,0,0,0.02681,0,0,0,0
SGFY,0,0,0,0,0,0,0,0
PLCE,0,0,0,0.0345,0,0,0,0
TMCI,0,0,0,0.02071,0,0,0,0
PYCR,0,0,0,0,0,0.00854,0,0
AXSM,0,0,0,0.03108,0,0,0,0
DSEY,0,0,0,0,0,0,0,0
CERS,0,0,0,0.03423,0,0,0,0
COLL,0,0,0,0.02863,0,0,0,0
CHRS,0,0,0,0.02988,0,0,0,0
FC,0,0,0,0.022,0,0,0,0
RUTH,0,0,0,0.03045,0,0,0,0
SPNS,0,0,0,0.03425,0,0,0,0
LMAT,0,0,0,0.02994,0,0,0,0
QTRX,0,0,0,0.03382,0,0,0,0
PLOW,0,0,0,0.03122,0,0,0,0
BXC,0,0,0,0.03005,0,0,0,0
VRM,0,0,0,0,0,0.00778,0,0
FORR,0,0,0,0.02185,0,0,0,0
HAYW,0,0,0,0,0,0,0,0
INBX,0,0,0,0.02283,0,0,0,0
ARLO,0,0,0,0.02733,0,0,0,0
HYFM,0,0,0,0.02704,0,0,0,0
YEXT,0,0,0,0.03179,0,0,0,0
DBD,0,0,0,0.02572,0,0,0,0
RICK,0,0,0,0.02025,0,0,0,0
CSII,0,0,0,0.028,0,0,0,0
SENS,0,0,0,0.02815,0,0,0,0
SNCY,0,0,0,0.03398,0,0,0,0
LIND,0,0,0,0.02055,0,0,0,0
UEC,0,0,0,0.02757,0,0,0,0
VVI,0,0,0,0.02745,0,0,0,0
INFA,0,0,0,0,0,0.00725,0,0
ONEW,0,0,0,0.02036,0,0,0,0
ERII,0,0,0,0.03032,0,0,0,0
RCKT,0,0,0,0.02753,0,0,0,0
CVGW,0,0,0,0.02735,0,0,0,0
HNGR,0,0,0,0.02467,0,0,0,0
ASPN,0,0,0,0.02373,0,0,0,0
HRTX,0,0,0,0.02563,0,0,0,0
TCX,0,0,0,0.02617,0,0,0,0
LASR,0,0,0,0.02483,0,0,0,0
SRDX,0,0,0,0.02218,0,0,0,0
OCGN,0,0,0,0.02408,0,0,0,0
MSP,0,0,0,0,0,0.0065,0,0
PRCH,0,0,0,0.0239,0,0,0,0
NFE,0,0,0,0,0,0,0,0
ALHC,0,0,0,0.02397,0,0,0,0
SP,0,0,0,0.02358,0,0,0,0
SLP,0,0,0,0.02192,0,0,0,0
IIIV,0,0,0,0.0199,0,0,0,0
NSSC,0,0,0,0.02237,0,0,0,0
OUST,0,0,0,0.02252,0,0,0,0
TTCF,0,0,0,0.02205,0,0,0,0
IMXI,0,0,0,0.01918,0,0,0,0
ACRS,0,0,0,0.02549,0,0,0,0
ACEL,0,0,0,0.02804,0,0,0,0
REAL,0,0,0,0.02417,0,0,0,0
PBI,0,0,0,0.0225,0,0,0,0
SWIM,0,0,0,0.0208,0,0,0,0
VRAY,0,0,0,0.01912,0,0,0,0
BNGO,0,0,0,0.02192,0,0,0,0
MCFT,0,0,0,0.01995,0,0,0,0
SIBN,0,0,0,0.02432,0,0,0,0
NRC,0,0,0,0.0201,0,0,0,0
MCRB,0,0,0,0.02123,0,0,0,0
CUTR,0,0,0,0.02337,0,0,0,0
ALX,0,0,0,0.02079,0,0,0,0
MVIS,0,0,0,0.0218,0,0,0,0
SPWH,0,0,0,0.01778,0,0,0,0
KIDS,0,0,0,0.02591,0,0,0,0
PAYA,0,0,0,0.01889,0,0,0,0
CRSR,0,0,0,0.02355,0,0,0,0
CLAR,0,0,0,0.02011,0,0,0,0
DSKE,0,0,0,0.01714,0,0,0,0
EWTX,0,0,0,0.01651,0,0,0,0
JYNT,0,0,0,0.02552,0,0,0,0
APYX,0,0,0,0.01172,0,0,0,0
INGN,0,0,0,0.02137,0,0,0,0
QNST,0,0,0,0.02043,0,0,0,0
QUOT,0,0,0,0.02336,0,0,0,0
TPB,0,0,0,0.01856,0,0,0,0
IRMD,0,0,0,0.01134,0,0,0,0
ATRS,0,0,0,0.02199,0,0,0,0
SIGA,0,0,0,0.01155,0,0,0,0
RSI,0,0,0,0.01843,0,0,0,0
AGTI,0,0,0,0.01587,0,0,0,0
CRGY,0,0,0,0.01576,0,0,0,0
MRNS,0,0,0,0.01564,0,0,0,0
OFLX,0,0,0,0.01782,0,0,0,0
PRTY,0,0,0,0.0189,0,0,0,0
CTLP,0,0,0,0.01657,0,0,0,0
PMVP,0,0,0,0.01527,0,0,0,0
IESC,0,0,0,0.01419,0,0,0,0
LYLT,0,0,0,0,0,0,0,0
PLBY,0,0,0,0.01643,0,0,0,0
BOOM,0,0,0,0.02474,0,0,0,0
ULCC,0,0,0,0.01711,0,0,0,0
PRVA,0,0,0,0.01377,0,0,0,0
AMRX,0,0,0,0.01716,0,0,0,0
CIR,0,0,0,0.01966,0,0,0,0
DMRC,0,0,0,0.01435,0,0,0,0
ICPT,0,0,0,0.01433,0,0,0,0
GRWG,0,0,0,0.018,0,0,0,0
SWI,0,0,0,0,0,0.00487,0,0
MITK,0,0,0,0.02371,0,0,0,0
MNMD,0,0,0,0.01596,0,0,0,0
BATRA,0,0,0,0.01007,0,0,0,0
AFMD,0,0,0,0.01864,0,0,0,0
AGEN,0,0,0,0.02137,0,0,0,0
ARAY,0,0,0,0.01251,0,0,0,0
OSPN,0,0,0,0.02138,0,0,0,0
NDLS,0,0,0,0.01431,0,0,0,0
OCUL,0,0,0,0.01425,0,0,0,0
PAHC,0,0,0,0.01664,0,0,0,0
LOVE,0,0,0,0.01922,0,0,0,0
STOK,0,0,0,0.01366,0,0,0,0
FNKO,0,0,0,0.01746,0,0,0,0
RAPT,0,0,0,0.01598,0,0,0,0
FLNC,0,0,0,0,0,0,0,0
ATLC,0,0,0,0.01147,0,0,0,0
TRNS,0,0,0,0.02068,0,0,0,0
SLQT,0,0,0,0.01553,0,0,0,0
CCRD,0,0,0,0.00972,0,0,0,0
RIGL,0,0,0,0.01558,0,0,0,0
PHAT,0,0,0,0.0137,0,0,0,0
TLS,0,0,0,0.01521,0,0,0,0
UPLD,0,0,0,0.01873,0,0,0,0
DH,0,0,0,0,0,0,0,0
BTRS,0,0,0,0.01367,0,0,0,0
ATOM,0,0,0,0.01328,0,0,0,0
EOLS,0,0,0,0.01074,0,0,0,0
PRTS,0,0,0,0.0148,0,0,0,0
VITL,0,0,0,0.01349,0,0,0,0
CTRN,0,0,0,0.01377,0,0,0,0
VERI,0,0,0,0.01734,0,0,0,0
FLWS,0,0,0,0.0159,0,0,0,0
MMAT,0,0,0,0.01319,0,0,0,0
NABL,0,0,0,0,0,0.004,0,0
PNTG,0,0,0,0.01371,0,0,0,0
RLMD,0,0,0,0.01063,0,0,0,0
KALV,0,0,0,0.01206,0,0,0,0
EVER,0,0,0,0.01198,0,0,0,0
TMDX,0,0,0,0.01416,0,0,0,0
OMER,0,0,0,0.01598,0,0,0,0
ARD,0,0,0,0,0,0,0,0
PETQ,0,0,0,0.01829,0,0,0,0
POWW,0,0,0,0.01401,0,0,0,0
LQDT,0,0,0,0.01616,0,0,0,0
BCOV,0,0,0,0.01138,0,0,0,0
RDUS,0,0,0,0.01236,0,0,0,0
XXII,0,0,0,0.01336,0,0,0,0
PARAA,0,0,0,0,0,0,0.00484,0
VAPO,0,0,0,0.01168,0,0,0,0
VUZI,0,0,0,0.01258,0,0,0,0
BLFS,0,0,0,0.00934,0,0,0,0
RRGB,0,0,0,0.01037,0,0,0,0
STXS,0,0,0,0.00909,0,0,0,0
CNTY,0,0,0,0.01099,0,0,0,0
BLI,0,0,0,0.01256,0,0,0,0
FLL,0,0,0,0.01094,0,0,0,0
CURO,0,0,0,0.01097,0,0,0,0
ALVR,0,0,0,0.0095,0,0,0,0
MEIP,0,0,0,0.00826,0,0,0,0
BTAI,0,0,0,0.01146,0,0,0,0
AKTS,0,0,0,0.01052,0,0,0,0
TPIC,0,0,0,0.01433,0,0,0,0
PRPL,0,0,0,0.01296,0,0,0,0
CMBM,0,0,0,0.01125,0,0,0,0
CAMP,0,0,0,0.00914,0,0,0,0
INFU,0,0,0,0.0073,0,0,0,0
VLDR,0,0,0,0.01173,0,0,0,0
LZ,0,0,0,0,0,0,0,0
DMTK,0,0,0,0.01105,0,0,0,0
ORMP,0,0,0,0.01206,0,0,0,0
AERI,0,0,0,0.0096,0,0,0,0
VSTM,0,0,0,0.00816,0,0,0,0
TCMD,0,0,0,0.01078,0,0,0,0
ALXO,0,0,0,0.01001,0,0,0,0
RMNI,0,0,0,0.00777,0,0,0,0
DTIL,0,0,0,0.0082,0,0,0,0
DNMR,0,0,0,0.01242,0,0,0,0
LUNA,0,0,0,0.00831,0,0,0,0
TSAT,0,0,0,0.01029,0,0,0,0
RCEL,0,0,0,0.00803,0,0,0,0
AVAH,0,0,0,0.00718,0,0,0,0
UWMC,0,0,0,0,0,0,0,0
SSTI,0,0,0,0.00841,0,0,0,0
ORGO,0,0,0,0.00939,0,0,0,0
CUE,0,0,0,0.00755,0,0,0,0
DRRX,0,0,0,0.00577,0,0,0,0
ALDX,0,0,0,0.00709,0,0,0,0
GNOG,0,0,0,0.00949,0,0,0,0
CLPT,0,0,0,0.0058,0,0,0,0
AXGN,0,0,0,0.01065,0,0,0,0
NOTV,0,0,0,0.01271,0,0,0,0
CTSO,0,0,0,0.00569,0,0,0,0
KOPN,0,0,0,0.00774,0,0,0,0
PCT,0,0,0,0.01196,0,0,0,0
YMAB,0,0,0,0.01031,0,0,0,0
TCRT,0,0,0,0.00662,0,0,0,0
ALLK,0,0,0,0.00766,0,0,0,0
FUV,0,0,0,0.00552,0,0,0,0
CLVS,0,0,0,0.00723,0,0,0,0
NGMS,0,0,0,0.0085,0,0,0,0
APPH,0,0,0,0.00788,0,0,0,0
RUBY,0,0,0,0.00894,0,0,0,0
MASS,0,0,0,0.0088,0,0,0,0
EPZM,0,0,0,0.00523,0,0,0,0
PRLD,0,0,0,0.0041,0,0,0,0
EVLO,0,0,0,0.00402,0,0,0,0
DSP,0,0,0,0.00337,0,0,0,0
ICAD,0,0,0,0.0043,0,0,0,0
AMTI,0,0,0,0.00629,0,0,0,0
SPPI,0,0,0,0.00459,0,0,0,0
CDXC,0,0,0,0.0048,0,0,0,0
BYRN,0,0,0,0.00562,0,0,0,0
MTEM,0,0,0,0.00372,0,0,0,0
IGMS,0,0,0,0.00498,0,0,0,0
INNV,0,0,0,0.00312,0,0,0,0
PAVM,0,0,0,0.00405,0,0,0,0
AMPE,0,0,0,0.00334,0,0,0,0
EOSE,0,0,0,0.00506,0,0,0,0
GOCO,0,0,0,0,0,0,0,0
TXMD,0,0,0,0.00348,0,0,0,0
ESPR,0,0,0,0.00382,0,0,0,0
EAR,0,0,0,0.00511,0,0,0,0
TRHC,0,0,0,0.00563,0,0,0,0
SESN,0,0,0,0.005,0,0,0,0
AWH,0,0,0,0.00286,0,0,0,0
CDAK,0,0,0,0.0028,0,0,0,0
HGEN,0,0,0,0.00383,0,0,0,0
CRTX,0,0,0,0.00339,0,0,0,0
BCAB,0,0,0,0.00392,0,0,0,0
ALGS,0,0,0,0.00191,0,0,0,0
BYSI,0,0,0,0.00226,0,0,0,0
RFL,0,0,0,0.00122,0,0,0,0
OTRK,0,0,0,0.00084,0,0,0,0
FBRX,0,0,0,0.00067,0,0,0,0
GTXI,0,0,0,0.00002,0,0,0,0
AFRM,0,0.08903,0,0,0,0,0,0
COIN,0.28651,0,0,0,0,0,0,0
WCN,0,0,0,0,0,0,0,0
ABNB,0,0,0,0,0,0,0,0
SNAP,0,0,0,0,0,0,0,0
ZI,0,0,0,0,0,0,0,0
XTSLA,0,0,0,0.21411,0.04635,0.09084,0.12307,0.13686
MELI,0,0,0,0,0,0,0,0
CHWY,0,0,0,0,0,0,0,0
USD,0,0,0,0.05323,0.04958,0.05267,0.02993,0.11133
SOFI,0,0,0,0,0,0,0,0
LCID,0,0,0,0,0,0,0,0
HOOD,0,0,0,0,0,0,0,0
